paper_id,score_901,score_902,score_903,score_904,score_905,score_906,score_907,score_908,score_909,pred_top1,pred_top1_score,pred_top2,pred_top2_score
1,0.0,0.0,0.0,1.0,0.0,0.0,0.0,0.0,0.0,904,1.0,901,0.0
2,0.0,0.0,0.0,1.0,0.0,0.0,0.0,0.0,0.0,904,1.0,901,0.0
3,0.0,0.0,0.0,1.0,0.0,0.0,0.0,0.0,0.0,904,1.0,901,0.0
4,0.0,0.0,0.0,0.5,0.0,0.0,0.0,0.0,0.5,904,0.5,909,0.5
5,0.0,0.0,0.0,0.5,0.0,0.0,0.0,0.0,0.5,904,0.5,909,0.5
6,0.0,0.0,0.0,0.5,0.0,0.0,0.0,0.0,0.5,904,0.5,909,0.5
7,0.0,0.0,0.0,0.5,0.0,0.0,0.0,0.0,0.5,904,0.5,909,0.5
8,0.0,0.0,0.3333333333333333,0.0,0.0,0.3333333333333333,0.0,0.0,0.3333333333333333,903,0.3333333333333333,906,0.3333333333333333
9,0.0,0.0,0.0,1.0,0.0,0.0,0.0,0.0,0.0,904,1.0,901,0.0
10,0.0,0.0,0.0,1.0,0.0,0.0,0.0,0.0,0.0,904,1.0,901,0.0
11,0.0,0.0,0.0,0.5,0.0,0.0,0.0,0.0,0.5,904,0.5,909,0.5
12,0.0,0.0,0.0,0.5,0.0,0.5,0.0,0.0,0.0,904,0.5,906,0.5
13,0.0,0.0,0.0,1.0,0.0,0.0,0.0,0.0,0.0,904,1.0,901,0.0
14,0.0,0.0,0.0,0.5,0.0,0.0,0.0,0.0,0.5,904,0.5,909,0.5
15,0.2,0.0,0.0,0.4,0.0,0.4,0.0,0.0,0.0,904,0.4,906,0.4
16,0.3333333333333333,0.0,0.3333333333333333,0.3333333333333333,0.0,0.0,0.0,0.0,0.0,901,0.3333333333333333,903,0.3333333333333333
17,0.3333333333333333,0.0,0.0,0.6666666666666666,0.0,0.0,0.0,0.0,0.0,904,0.6666666666666666,901,0.3333333333333333
18,0.0,0.0,0.5,0.5,0.0,0.0,0.0,0.0,0.0,903,0.5,904,0.5
19,0.0,0.0,0.0,1.0,0.0,0.0,0.0,0.0,0.0,904,1.0,901,0.0
20,0.0,0.3333333333333333,0.0,0.2222222222222222,0.0,0.0,0.0,0.2222222222222222,0.2222222222222222,902,0.3333333333333333,904,0.2222222222222222
21,0.0,0.0,0.0,0.3333333333333333,0.0,0.3333333333333333,0.0,0.0,0.3333333333333333,904,0.3333333333333333,906,0.3333333333333333
22,0.0,0.42857142857142855,0.0,0.2857142857142857,0.0,0.0,0.0,0.0,0.2857142857142857,902,0.42857142857142855,904,0.2857142857142857
23,0.0,0.0,0.5,0.5,0.0,0.0,0.0,0.0,0.0,903,0.5,904,0.5
24,0.2,0.0,0.0,0.4,0.0,0.0,0.0,0.0,0.4,904,0.4,909,0.4
25,0.0,0.0,0.0,0.5,0.0,0.0,0.0,0.0,0.5,904,0.5,909,0.5
26,0.0,0.0,0.0,0.5,0.0,0.0,0.0,0.0,0.5,904,0.5,909,0.5
27,0.0,0.0,0.0,0.0,0.0,0.0,0.0,0.0,1.0,909,1.0,901,0.0
28,0.0,0.0,0.0,0.5,0.0,0.0,0.0,0.0,0.5,904,0.5,909,0.5
29,0.0,0.0,0.0,0.5,0.0,0.0,0.0,0.0,0.5,904,0.5,909,0.5
30,0.0,0.0,0.0,0.5,0.0,0.0,0.0,0.0,0.5,904,0.5,909,0.5
31,0.0,0.0,0.0,0.3333333333333333,0.0,0.0,0.0,0.3333333333333333,0.3333333333333333,904,0.3333333333333333,908,0.3333333333333333
32,0.0,0.0,0.0,0.0,0.0,0.0,0.0,0.0,1.0,909,1.0,901,0.0
33,0.0,0.0,0.25,0.25,0.0,0.0,0.0,0.25,0.25,903,0.25,904,0.25
34,0.0,0.42857142857142855,0.0,0.2857142857142857,0.0,0.0,0.0,0.0,0.2857142857142857,902,0.42857142857142855,904,0.2857142857142857
35,0.0,0.0,0.0,1.0,0.0,0.0,0.0,0.0,0.0,904,1.0,901,0.0
36,0.0,0.0,0.0,0.5,0.0,0.0,0.0,0.0,0.5,904,0.5,909,0.5
37,0.0,0.0,0.0,1.0,0.0,0.0,0.0,0.0,0.0,904,1.0,901,0.0
38,0.0,0.0,0.0,0.5,0.0,0.0,0.0,0.0,0.5,904,0.5,909,0.5
39,0.0,0.0,0.0,0.5,0.0,0.0,0.0,0.0,0.5,904,0.5,909,0.5
40,0.0,0.0,0.0,0.3333333333333333,0.0,0.3333333333333333,0.0,0.0,0.3333333333333333,904,0.3333333333333333,906,0.3333333333333333
41,0.0,0.0,1.0,0.0,0.0,0.0,0.0,0.0,0.0,903,1.0,901,0.0
42,0.0,0.0,0.0,0.5,0.0,0.0,0.0,0.0,0.5,904,0.5,909,0.5
43,0.0,0.0,0.0,1.0,0.0,0.0,0.0,0.0,0.0,904,1.0,901,0.0
44,0.0,0.0,0.0,0.5,0.0,0.0,0.0,0.0,0.5,904,0.5,909,0.5
45,0.0,0.0,0.0,0.0,0.0,0.0,0.0,0.0,1.0,909,1.0,901,0.0
46,0.0,0.0,0.3333333333333333,0.3333333333333333,0.0,0.0,0.0,0.0,0.3333333333333333,903,0.3333333333333333,904,0.3333333333333333
47,0.0,0.0,0.0,0.0,0.0,0.0,0.0,0.5,0.5,908,0.5,909,0.5
48,0.0,0.0,0.0,0.5,0.0,0.0,0.0,0.0,0.5,904,0.5,909,0.5
49,0.1,0.3,0.0,0.2,0.0,0.0,0.2,0.0,0.2,902,0.3,904,0.2
50,0.0,0.0,0.3333333333333333,0.3333333333333333,0.0,0.0,0.0,0.0,0.3333333333333333,903,0.3333333333333333,904,0.3333333333333333
51,0.0,0.0,0.0,0.5,0.0,0.0,0.0,0.0,0.5,904,0.5,909,0.5
52,0.0,0.0,0.0,0.5,0.0,0.0,0.0,0.0,0.5,904,0.5,909,0.5
53,0.0,0.0,0.0,1.0,0.0,0.0,0.0,0.0,0.0,904,1.0,901,0.0
54,0.0,0.0,0.25,0.25,0.0,0.25,0.0,0.0,0.25,903,0.25,904,0.25
55,0.0,0.0,0.0,0.5,0.0,0.0,0.0,0.0,0.5,904,0.5,909,0.5
56,0.0,0.0,0.0,0.5,0.0,0.0,0.0,0.0,0.5,904,0.5,909,0.5
57,0.0,0.0,0.0,0.0,0.0,0.0,0.0,0.0,1.0,909,1.0,901,0.0
58,0.0,0.0,0.0,0.5,0.0,0.0,0.0,0.0,0.5,904,0.5,909,0.5
59,0.0,0.0,0.0,0.5,0.0,0.0,0.0,0.0,0.5,904,0.5,909,0.5
60,0.0,0.0,0.0,1.0,0.0,0.0,0.0,0.0,0.0,904,1.0,901,0.0
61,0.0,0.0,0.0,0.5,0.0,0.0,0.0,0.0,0.5,904,0.5,909,0.5
62,0.0,0.0,0.0,0.5,0.0,0.0,0.0,0.0,0.5,904,0.5,909,0.5
63,0.0,0.0,0.0,0.5,0.0,0.0,0.0,0.0,0.5,904,0.5,909,0.5
64,0.2,0.0,0.0,0.0,0.0,0.4,0.0,0.0,0.4,906,0.4,909,0.4
65,0.0,0.0,0.0,0.5,0.0,0.0,0.0,0.0,0.5,904,0.5,909,0.5
66,0.0,0.0,0.0,0.3333333333333333,0.0,0.3333333333333333,0.0,0.0,0.3333333333333333,904,0.3333333333333333,906,0.3333333333333333
67,0.0,0.0,0.0,0.3333333333333333,0.0,0.3333333333333333,0.0,0.0,0.3333333333333333,904,0.3333333333333333,906,0.3333333333333333
68,0.0,0.0,0.0,0.0,0.0,0.0,0.0,0.0,1.0,909,1.0,901,0.0
69,0.0,0.0,0.0,0.5,0.0,0.0,0.0,0.0,0.5,904,0.5,909,0.5
70,0.0,0.0,0.0,0.5,0.0,0.0,0.0,0.5,0.0,904,0.5,908,0.5
71,0.0,0.0,0.0,0.5,0.0,0.5,0.0,0.0,0.0,904,0.5,906,0.5
72,0.0,0.0,0.0,0.3333333333333333,0.0,0.3333333333333333,0.0,0.0,0.3333333333333333,904,0.3333333333333333,906,0.3333333333333333
73,0.0,0.0,0.0,0.3333333333333333,0.0,0.3333333333333333,0.0,0.0,0.3333333333333333,904,0.3333333333333333,906,0.3333333333333333
74,0.0,0.0,0.0,0.5,0.5,0.0,0.0,0.0,0.0,904,0.5,905,0.5
75,0.0,0.0,0.0,0.5,0.5,0.0,0.0,0.0,0.0,904,0.5,905,0.5
76,0.0,0.0,0.0,0.5,0.0,0.0,0.0,0.0,0.5,904,0.5,909,0.5
77,0.0,0.0,0.0,1.0,0.0,0.0,0.0,0.0,0.0,904,1.0,901,0.0
78,0.0,0.0,0.0,1.0,0.0,0.0,0.0,0.0,0.0,904,1.0,901,0.0
79,0.0,0.0,0.0,0.3333333333333333,0.3333333333333333,0.0,0.0,0.0,0.3333333333333333,904,0.3333333333333333,905,0.3333333333333333
80,0.0,0.0,0.0,0.5,0.0,0.0,0.0,0.0,0.5,904,0.5,909,0.5
81,0.0,0.0,0.0,0.5,0.0,0.0,0.0,0.0,0.5,904,0.5,909,0.5
82,0.0,0.0,0.0,0.5,0.0,0.0,0.0,0.5,0.0,904,0.5,908,0.5
83,0.2,0.0,0.0,0.4,0.0,0.0,0.0,0.0,0.4,904,0.4,909,0.4
84,0.0,0.42857142857142855,0.0,0.2857142857142857,0.0,0.0,0.0,0.0,0.2857142857142857,902,0.42857142857142855,904,0.2857142857142857
85,0.0,0.0,0.0,0.5,0.0,0.0,0.0,0.0,0.5,904,0.5,909,0.5
86,0.0,0.0,0.0,0.5,0.0,0.0,0.0,0.0,0.5,904,0.5,909,0.5
87,0.0,0.0,0.0,0.5,0.0,0.0,0.0,0.0,0.5,904,0.5,909,0.5
88,0.0,0.42857142857142855,0.2857142857142857,0.2857142857142857,0.0,0.0,0.0,0.0,0.0,902,0.42857142857142855,903,0.2857142857142857
89,0.0,0.0,0.3333333333333333,0.3333333333333333,0.0,0.3333333333333333,0.0,0.0,0.0,903,0.3333333333333333,904,0.3333333333333333
90,0.0,0.0,0.0,1.0,0.0,0.0,0.0,0.0,0.0,904,1.0,901,0.0
91,0.0,0.0,0.0,0.3333333333333333,0.0,0.0,0.0,0.3333333333333333,0.3333333333333333,904,0.3333333333333333,908,0.3333333333333333
92,0.0,0.0,0.0,1.0,0.0,0.0,0.0,0.0,0.0,904,1.0,901,0.0
93,0.0,0.0,0.0,0.5,0.0,0.0,0.0,0.0,0.5,904,0.5,909,0.5
94,0.0,0.0,0.0,1.0,0.0,0.0,0.0,0.0,0.0,904,1.0,901,0.0
95,0.0,0.0,0.0,0.3333333333333333,0.0,0.3333333333333333,0.0,0.0,0.3333333333333333,904,0.3333333333333333,906,0.3333333333333333
96,0.0,0.0,0.0,0.3333333333333333,0.0,0.3333333333333333,0.0,0.0,0.3333333333333333,904,0.3333333333333333,906,0.3333333333333333
97,0.0,0.0,0.0,0.3333333333333333,0.0,0.0,0.3333333333333333,0.0,0.3333333333333333,904,0.3333333333333333,907,0.3333333333333333
98,0.0,0.6,0.0,0.4,0.0,0.0,0.0,0.0,0.0,902,0.6,904,0.4
99,0.0,0.0,0.0,0.3333333333333333,0.3333333333333333,0.0,0.0,0.0,0.3333333333333333,904,0.3333333333333333,905,0.3333333333333333
100,0.0,0.0,0.0,0.5,0.0,0.0,0.0,0.0,0.5,904,0.5,909,0.5
101,0.0,0.0,0.0,0.5,0.0,0.0,0.0,0.0,0.5,904,0.5,909,0.5
102,0.0,0.0,0.0,0.5,0.0,0.0,0.0,0.0,0.5,904,0.5,909,0.5
103,0.0,0.0,0.0,0.0,0.0,0.0,0.0,0.0,1.0,909,1.0,901,0.0
104,0.0,0.0,0.0,0.5,0.0,0.0,0.0,0.0,0.5,904,0.5,909,0.5
105,0.0,0.0,0.0,0.0,0.0,0.0,0.0,0.0,0.0,901,0.0,902,0.0
106,0.0,0.0,0.0,0.5,0.0,0.0,0.5,0.0,0.0,904,0.5,907,0.5
107,0.0,0.0,0.0,1.0,0.0,0.0,0.0,0.0,0.0,904,1.0,901,0.0
108,0.0,0.0,0.0,0.0,0.0,0.0,0.0,0.0,1.0,909,1.0,901,0.0
109,0.0,0.0,0.0,0.5,0.0,0.0,0.0,0.0,0.5,904,0.5,909,0.5
110,0.3333333333333333,0.0,0.0,0.0,0.0,0.0,0.0,0.0,0.6666666666666666,909,0.6666666666666666,901,0.3333333333333333
111,0.0,0.6,0.0,0.0,0.0,0.0,0.0,0.0,0.4,902,0.6,909,0.4
112,0.0,0.0,0.0,0.0,0.0,0.0,0.0,0.0,0.0,901,0.0,902,0.0
113,0.0,0.0,0.0,0.0,0.0,0.0,0.5,0.0,0.5,907,0.5,909,0.5
114,0.0,0.0,0.0,0.0,0.0,0.0,0.0,0.0,1.0,909,1.0,901,0.0
115,1.0,0.0,0.0,0.0,0.0,0.0,0.0,0.0,0.0,901,1.0,902,0.0
116,0.0,0.0,0.0,0.0,0.0,0.0,0.0,0.0,1.0,909,1.0,901,0.0
117,0.0,0.0,0.0,0.0,0.0,0.0,0.0,0.0,1.0,909,1.0,901,0.0
118,0.0,0.0,0.0,0.0,0.0,0.0,0.0,0.0,1.0,909,1.0,901,0.0
119,0.0,0.0,0.0,1.0,0.0,0.0,0.0,0.0,0.0,904,1.0,901,0.0
120,0.0,0.0,0.0,0.5,0.0,0.0,0.0,0.0,0.5,904,0.5,909,0.5
121,0.0,0.0,0.0,0.0,0.0,0.0,0.0,0.0,0.0,901,0.0,902,0.0
122,0.0,0.0,0.0,0.0,0.0,0.0,0.0,0.0,1.0,909,1.0,901,0.0
123,0.0,0.0,0.0,0.0,0.0,0.0,0.0,0.0,0.0,901,0.0,902,0.0
124,0.0,0.0,0.0,0.5,0.0,0.0,0.0,0.0,0.5,904,0.5,909,0.5
125,0.0,0.0,0.0,0.0,0.0,0.0,0.0,0.0,1.0,909,1.0,901,0.0
126,0.0,0.0,0.0,0.0,0.0,0.0,0.0,0.0,0.0,901,0.0,902,0.0
127,0.0,0.0,0.0,0.0,0.0,0.0,0.0,0.0,0.0,901,0.0,902,0.0
128,0.0,0.0,0.0,0.0,0.0,0.0,1.0,0.0,0.0,907,1.0,901,0.0
129,0.0,0.0,0.0,0.0,0.0,0.0,0.0,0.0,0.0,901,0.0,902,0.0
130,0.0,0.0,0.0,0.0,0.0,0.0,0.0,0.0,0.0,901,0.0,902,0.0
131,1.0,0.0,0.0,0.0,0.0,0.0,0.0,0.0,0.0,901,1.0,902,0.0
132,0.0,0.0,0.0,0.0,0.0,0.0,0.0,0.0,1.0,909,1.0,901,0.0
133,0.0,0.0,0.0,0.0,0.0,0.0,0.0,0.0,0.0,901,0.0,902,0.0
134,0.0,0.0,0.0,0.0,0.0,0.0,0.0,0.0,1.0,909,1.0,901,0.0
135,0.0,0.0,0.0,0.0,0.0,0.0,0.0,0.0,1.0,909,1.0,901,0.0
136,0.0,0.0,0.0,0.0,0.0,0.0,0.0,0.0,1.0,909,1.0,901,0.0
137,0.0,0.0,0.0,0.0,0.0,0.0,0.0,0.0,1.0,909,1.0,901,0.0
138,0.0,0.0,0.0,0.5,0.0,0.0,0.0,0.0,0.5,904,0.5,909,0.5
139,1.0,0.0,0.0,0.0,0.0,0.0,0.0,0.0,0.0,901,1.0,902,0.0
140,0.0,0.0,0.0,0.0,0.0,0.0,0.0,0.0,1.0,909,1.0,901,0.0
141,0.0,0.0,0.0,0.0,0.0,0.0,0.0,0.0,1.0,909,1.0,901,0.0
142,0.0,0.0,0.0,0.0,0.0,0.0,0.0,0.0,0.0,901,0.0,902,0.0
143,0.0,0.0,0.0,0.5,0.0,0.0,0.0,0.0,0.5,904,0.5,909,0.5
144,0.0,0.0,0.0,0.0,0.0,0.0,0.0,0.0,1.0,909,1.0,901,0.0
145,0.0,0.0,0.0,0.0,0.0,0.0,0.0,0.0,1.0,909,1.0,901,0.0
146,0.0,0.0,0.0,0.0,0.0,0.0,0.0,0.0,1.0,909,1.0,901,0.0
147,0.0,0.0,0.0,0.0,0.0,0.0,0.0,0.0,0.0,901,0.0,902,0.0
148,0.0,0.0,0.0,0.5,0.0,0.0,0.0,0.0,0.5,904,0.5,909,0.5
149,0.3333333333333333,0.0,0.0,0.0,0.0,0.0,0.0,0.0,0.6666666666666666,909,0.6666666666666666,901,0.3333333333333333
150,0.0,0.0,0.0,0.0,0.0,0.0,0.0,0.0,0.0,901,0.0,902,0.0
151,1.0,0.0,0.0,0.0,0.0,0.0,0.0,0.0,0.0,901,1.0,902,0.0
152,0.0,0.6,0.0,0.4,0.0,0.0,0.0,0.0,0.0,902,0.6,904,0.4
153,0.0,0.0,0.0,0.5,0.0,0.0,0.0,0.0,0.5,904,0.5,909,0.5
154,0.0,0.0,0.0,0.0,0.0,0.0,0.0,0.0,1.0,909,1.0,901,0.0
155,0.0,0.0,0.0,0.0,0.0,0.0,0.0,0.0,0.0,901,0.0,902,0.0
156,0.0,0.6,0.0,0.4,0.0,0.0,0.0,0.0,0.0,902,0.6,904,0.4
157,0.0,1.0,0.0,0.0,0.0,0.0,0.0,0.0,0.0,902,1.0,901,0.0
158,0.0,0.0,0.0,0.0,0.0,0.0,0.0,0.5,0.5,908,0.5,909,0.5
159,0.0,0.0,0.0,0.0,0.0,0.0,0.0,0.0,0.0,901,0.0,902,0.0
160,0.0,0.0,0.0,0.5,0.0,0.0,0.0,0.0,0.5,904,0.5,909,0.5
161,0.0,0.42857142857142855,0.0,0.2857142857142857,0.0,0.0,0.0,0.0,0.2857142857142857,902,0.42857142857142855,904,0.2857142857142857
162,0.0,0.0,0.0,0.0,0.0,0.0,0.0,0.0,1.0,909,1.0,901,0.0
163,0.0,0.0,0.0,0.0,0.0,0.0,0.0,0.0,1.0,909,1.0,901,0.0
164,0.0,0.0,0.0,0.0,0.0,0.0,0.0,0.0,1.0,909,1.0,901,0.0
165,0.0,0.0,0.0,0.0,0.0,0.0,0.0,0.0,0.0,901,0.0,902,0.0
166,0.0,0.0,0.0,0.0,0.0,0.0,0.0,0.0,0.0,901,0.0,902,0.0
167,0.0,0.0,0.0,0.0,0.0,0.0,0.0,0.0,1.0,909,1.0,901,0.0
168,0.3333333333333333,0.0,0.0,0.6666666666666666,0.0,0.0,0.0,0.0,0.0,904,0.6666666666666666,901,0.3333333333333333
169,0.0,0.0,0.0,1.0,0.0,0.0,0.0,0.0,0.0,904,1.0,901,0.0
170,0.0,0.0,0.0,0.0,0.0,0.0,0.0,0.0,1.0,909,1.0,901,0.0
171,0.0,0.0,0.0,0.0,0.0,0.0,0.0,0.0,0.0,901,0.0,902,0.0
172,0.0,0.0,0.0,0.0,0.0,0.0,0.0,0.0,1.0,909,1.0,901,0.0
173,0.0,0.0,0.0,0.0,0.0,0.0,0.0,0.0,0.0,901,0.0,902,0.0
174,0.0,0.0,0.0,0.0,0.0,0.0,0.0,0.0,0.0,901,0.0,902,0.0
175,0.0,0.0,0.0,0.0,0.0,0.0,0.0,0.0,0.0,901,0.0,902,0.0
176,0.0,0.6,0.0,0.4,0.0,0.0,0.0,0.0,0.0,902,0.6,904,0.4
177,0.0,0.0,0.0,0.0,0.0,0.0,0.0,0.0,1.0,909,1.0,901,0.0
178,0.0,0.6,0.4,0.0,0.0,0.0,0.0,0.0,0.0,902,0.6,903,0.4
179,0.0,0.0,0.0,0.5,0.0,0.0,0.0,0.0,0.5,904,0.5,909,0.5
180,0.0,0.0,0.0,0.0,0.0,0.0,0.0,0.0,0.0,901,0.0,902,0.0
181,0.0,0.0,0.0,1.0,0.0,0.0,0.0,0.0,0.0,904,1.0,901,0.0
182,0.0,0.0,0.0,0.0,0.0,0.0,0.0,0.0,0.0,901,0.0,902,0.0
183,0.0,0.0,0.0,0.0,0.0,0.0,0.0,0.0,1.0,909,1.0,901,0.0
184,0.0,0.0,0.0,0.0,0.0,0.0,0.0,0.0,1.0,909,1.0,901,0.0
185,0.0,0.0,0.0,1.0,0.0,0.0,0.0,0.0,0.0,904,1.0,901,0.0
186,0.0,0.0,0.0,0.0,0.0,0.0,0.0,0.0,0.0,901,0.0,902,0.0
187,0.0,0.0,0.0,0.0,0.0,0.0,0.0,0.0,1.0,909,1.0,901,0.0
188,0.0,0.0,0.0,0.0,0.0,0.0,0.0,0.0,0.0,901,0.0,902,0.0
189,0.0,0.0,0.0,0.0,0.0,0.0,0.0,0.0,0.0,901,0.0,902,0.0
190,0.0,0.0,0.0,0.0,0.0,0.0,0.0,0.0,0.0,901,0.0,902,0.0
191,0.0,0.0,0.0,0.0,0.0,0.0,0.0,0.0,0.0,901,0.0,902,0.0
192,0.0,0.0,0.0,1.0,0.0,0.0,0.0,0.0,0.0,904,1.0,901,0.0
193,0.0,0.0,0.0,0.0,0.0,0.0,0.0,0.0,0.0,901,0.0,902,0.0
194,0.0,0.0,0.0,0.0,0.0,0.0,0.0,0.0,0.0,901,0.0,902,0.0
195,0.3333333333333333,0.0,0.0,0.0,0.0,0.0,0.0,0.0,0.6666666666666666,909,0.6666666666666666,901,0.3333333333333333
196,0.0,0.0,0.0,0.0,0.0,0.0,0.0,0.0,0.0,901,0.0,902,0.0
197,0.0,0.0,0.5,0.0,0.0,0.0,0.0,0.0,0.5,903,0.5,909,0.5
198,0.0,0.0,0.0,0.0,0.0,0.0,0.0,0.0,1.0,909,1.0,901,0.0
199,0.0,0.0,0.0,0.0,0.0,0.0,0.0,0.0,0.0,901,0.0,902,0.0
200,0.0,0.0,0.0,0.0,0.0,0.0,0.0,0.0,0.0,901,0.0,902,0.0
201,0.0,0.0,0.0,0.0,0.0,0.0,0.0,0.0,0.0,901,0.0,902,0.0
202,0.0,0.0,1.0,0.0,0.0,0.0,0.0,0.0,0.0,903,1.0,901,0.0
203,0.0,0.0,0.0,0.0,0.0,0.0,0.0,0.0,0.0,901,0.0,902,0.0
204,0.0,0.0,0.0,0.0,0.0,0.0,0.0,0.0,0.0,901,0.0,902,0.0
205,0.0,0.0,0.0,1.0,0.0,0.0,0.0,0.0,0.0,904,1.0,901,0.0
206,0.0,0.0,0.0,0.0,0.0,0.0,0.0,0.0,0.0,901,0.0,902,0.0
207,0.0,0.0,0.0,0.0,0.0,0.0,0.0,0.0,1.0,909,1.0,901,0.0
208,0.0,0.0,0.0,0.3333333333333333,0.0,0.3333333333333333,0.0,0.0,0.3333333333333333,904,0.3333333333333333,906,0.3333333333333333
209,0.0,0.0,0.0,0.5,0.0,0.0,0.0,0.0,0.5,904,0.5,909,0.5
210,0.0,0.0,0.0,0.3333333333333333,0.0,0.3333333333333333,0.0,0.0,0.3333333333333333,904,0.3333333333333333,906,0.3333333333333333
211,0.0,0.0,0.0,0.0,0.0,0.0,0.0,0.0,1.0,909,1.0,901,0.0
212,0.3333333333333333,0.0,0.0,0.6666666666666666,0.0,0.0,0.0,0.0,0.0,904,0.6666666666666666,901,0.3333333333333333
213,0.0,0.0,0.0,0.5,0.0,0.5,0.0,0.0,0.0,904,0.5,906,0.5
214,0.0,0.0,0.0,1.0,0.0,0.0,0.0,0.0,0.0,904,1.0,901,0.0
215,0.0,0.0,0.0,0.0,0.0,0.0,0.0,0.0,0.0,901,0.0,902,0.0
216,0.0,0.0,0.0,0.0,0.0,0.0,0.0,0.0,1.0,909,1.0,901,0.0
217,0.0,0.0,0.0,0.0,0.0,0.5,0.0,0.0,0.5,906,0.5,909,0.5
218,0.0,0.0,0.0,0.5,0.0,0.0,0.0,0.0,0.5,904,0.5,909,0.5
219,0.0,0.0,0.0,0.0,0.0,0.0,0.0,0.0,1.0,909,1.0,901,0.0
220,0.0,0.0,0.0,1.0,0.0,0.0,0.0,0.0,0.0,904,1.0,901,0.0
221,0.0,0.0,0.0,0.5,0.0,0.0,0.0,0.0,0.5,904,0.5,909,0.5
222,0.0,0.0,0.0,0.0,0.0,0.0,0.0,0.0,1.0,909,1.0,901,0.0
223,0.0,0.0,0.0,0.0,0.0,0.0,0.0,0.0,0.0,901,0.0,902,0.0
224,0.0,0.0,0.0,1.0,0.0,0.0,0.0,0.0,0.0,904,1.0,901,0.0
225,0.0,0.0,0.0,1.0,0.0,0.0,0.0,0.0,0.0,904,1.0,901,0.0
226,0.3333333333333333,0.0,0.0,0.0,0.0,0.0,0.0,0.0,0.6666666666666666,909,0.6666666666666666,901,0.3333333333333333
227,0.0,0.0,0.0,1.0,0.0,0.0,0.0,0.0,0.0,904,1.0,901,0.0
228,0.0,0.0,0.0,0.0,0.0,0.0,0.0,0.0,0.0,901,0.0,902,0.0
229,0.0,0.0,0.0,0.5,0.0,0.0,0.0,0.0,0.5,904,0.5,909,0.5
230,0.0,0.0,0.0,0.0,0.0,0.0,0.0,0.0,1.0,909,1.0,901,0.0
231,0.0,0.0,0.0,0.5,0.0,0.0,0.0,0.0,0.5,904,0.5,909,0.5
232,0.0,0.0,0.0,1.0,0.0,0.0,0.0,0.0,0.0,904,1.0,901,0.0
233,1.0,0.0,0.0,0.0,0.0,0.0,0.0,0.0,0.0,901,1.0,902,0.0
234,0.0,0.0,0.0,0.0,0.0,0.0,0.0,0.0,0.0,901,0.0,902,0.0
235,0.0,0.0,0.0,1.0,0.0,0.0,0.0,0.0,0.0,904,1.0,901,0.0
236,0.0,0.0,0.0,0.5,0.0,0.5,0.0,0.0,0.0,904,0.5,906,0.5
237,0.0,0.0,0.0,0.0,0.0,0.0,0.0,0.0,1.0,909,1.0,901,0.0
238,0.0,0.0,0.0,0.0,0.0,0.0,0.0,0.0,0.0,901,0.0,902,0.0
239,0.0,0.6,0.0,0.0,0.0,0.0,0.0,0.0,0.4,902,0.6,909,0.4
240,0.0,0.0,0.0,0.0,0.0,0.0,0.0,0.0,0.0,901,0.0,902,0.0
241,0.25,0.75,0.0,0.0,0.0,0.0,0.0,0.0,0.0,902,0.75,901,0.25
242,0.0,0.0,0.0,0.5,0.0,0.0,0.0,0.0,0.5,904,0.5,909,0.5
243,0.0,0.0,0.0,0.5,0.0,0.0,0.0,0.0,0.5,904,0.5,909,0.5
244,0.0,0.0,0.0,1.0,0.0,0.0,0.0,0.0,0.0,904,1.0,901,0.0
245,0.0,0.0,0.0,0.0,0.0,0.0,0.0,0.0,0.0,901,0.0,902,0.0
246,0.0,0.0,0.0,0.0,0.0,0.0,0.0,0.0,0.0,901,0.0,902,0.0
247,0.0,0.0,0.0,0.5,0.0,0.0,0.0,0.0,0.5,904,0.5,909,0.5
248,1.0,0.0,0.0,0.0,0.0,0.0,0.0,0.0,0.0,901,1.0,902,0.0
249,0.0,0.0,0.0,0.0,0.0,0.0,1.0,0.0,0.0,907,1.0,901,0.0
250,0.0,0.0,0.0,1.0,0.0,0.0,0.0,0.0,0.0,904,1.0,901,0.0
251,0.0,0.0,0.0,1.0,0.0,0.0,0.0,0.0,0.0,904,1.0,901,0.0
252,0.2,0.0,0.0,0.4,0.0,0.0,0.0,0.0,0.4,904,0.4,909,0.4
253,0.0,0.0,0.0,1.0,0.0,0.0,0.0,0.0,0.0,904,1.0,901,0.0
254,1.0,0.0,0.0,0.0,0.0,0.0,0.0,0.0,0.0,901,1.0,902,0.0
255,0.0,0.0,0.0,1.0,0.0,0.0,0.0,0.0,0.0,904,1.0,901,0.0
256,0.0,0.0,0.0,1.0,0.0,0.0,0.0,0.0,0.0,904,1.0,901,0.0
257,0.0,0.6,0.0,0.4,0.0,0.0,0.0,0.0,0.0,902,0.6,904,0.4
258,0.0,0.0,0.0,0.0,0.0,0.0,1.0,0.0,0.0,907,1.0,901,0.0
259,0.0,0.0,0.0,0.0,0.0,0.0,0.0,0.0,0.0,901,0.0,902,0.0
260,0.0,0.0,0.0,1.0,0.0,0.0,0.0,0.0,0.0,904,1.0,901,0.0
261,0.0,0.0,0.0,1.0,0.0,0.0,0.0,0.0,0.0,904,1.0,901,0.0
262,0.0,0.0,0.0,0.5,0.0,0.0,0.0,0.0,0.5,904,0.5,909,0.5
263,0.0,0.0,0.0,1.0,0.0,0.0,0.0,0.0,0.0,904,1.0,901,0.0
264,0.0,0.0,0.0,1.0,0.0,0.0,0.0,0.0,0.0,904,1.0,901,0.0
265,0.0,0.0,0.0,0.0,0.0,0.0,0.0,0.0,0.0,901,0.0,902,0.0
266,0.0,0.0,0.0,0.0,0.0,1.0,0.0,0.0,0.0,906,1.0,901,0.0
267,0.0,0.0,0.0,0.0,0.0,0.0,0.0,0.0,0.0,901,0.0,902,0.0
268,0.0,0.0,0.0,0.5,0.0,0.0,0.0,0.0,0.5,904,0.5,909,0.5
269,0.0,0.0,0.0,0.5,0.0,0.0,0.0,0.0,0.5,904,0.5,909,0.5
270,0.0,0.0,0.0,1.0,0.0,0.0,0.0,0.0,0.0,904,1.0,901,0.0
271,0.0,0.0,0.0,1.0,0.0,0.0,0.0,0.0,0.0,904,1.0,901,0.0
272,0.0,0.0,0.0,1.0,0.0,0.0,0.0,0.0,0.0,904,1.0,901,0.0
273,0.0,0.0,0.0,0.0,0.0,0.0,0.0,0.0,0.0,901,0.0,902,0.0
274,0.0,0.0,0.3333333333333333,0.3333333333333333,0.0,0.0,0.0,0.0,0.3333333333333333,903,0.3333333333333333,904,0.3333333333333333
275,0.0,0.0,0.0,1.0,0.0,0.0,0.0,0.0,0.0,904,1.0,901,0.0
276,0.0,0.42857142857142855,0.0,0.2857142857142857,0.0,0.0,0.0,0.0,0.2857142857142857,902,0.42857142857142855,904,0.2857142857142857
277,0.0,0.0,0.0,0.5,0.0,0.0,0.0,0.0,0.5,904,0.5,909,0.5
278,0.0,0.0,0.0,0.3333333333333333,0.0,0.3333333333333333,0.0,0.0,0.3333333333333333,904,0.3333333333333333,906,0.3333333333333333
279,0.0,0.0,0.0,0.5,0.0,0.0,0.0,0.0,0.5,904,0.5,909,0.5
280,0.0,0.0,0.0,0.3333333333333333,0.3333333333333333,0.0,0.0,0.0,0.3333333333333333,904,0.3333333333333333,905,0.3333333333333333
281,0.0,0.0,0.0,0.5,0.5,0.0,0.0,0.0,0.0,904,0.5,905,0.5
282,0.0,0.0,0.0,0.3333333333333333,0.0,0.3333333333333333,0.0,0.0,0.3333333333333333,904,0.3333333333333333,906,0.3333333333333333
283,0.0,0.0,0.0,0.5,0.0,0.0,0.0,0.0,0.5,904,0.5,909,0.5
284,0.0,0.0,0.0,0.5,0.0,0.5,0.0,0.0,0.0,904,0.5,906,0.5
285,0.0,0.0,0.0,0.5,0.0,0.0,0.0,0.0,0.5,904,0.5,909,0.5
286,0.0,0.3333333333333333,0.2222222222222222,0.2222222222222222,0.0,0.0,0.0,0.0,0.2222222222222222,902,0.3333333333333333,903,0.2222222222222222
287,0.0,0.0,0.0,0.5,0.0,0.0,0.0,0.0,0.5,904,0.5,909,0.5
288,0.0,0.0,0.0,0.25,0.0,0.25,0.0,0.25,0.25,904,0.25,906,0.25
289,0.0,0.0,0.0,0.3333333333333333,0.0,0.3333333333333333,0.0,0.0,0.3333333333333333,904,0.3333333333333333,906,0.3333333333333333
290,0.0,0.0,0.0,0.5,0.0,0.0,0.0,0.0,0.5,904,0.5,909,0.5
291,0.0,0.6,0.0,0.4,0.0,0.0,0.0,0.0,0.0,902,0.6,904,0.4
292,0.0,0.0,0.0,1.0,0.0,0.0,0.0,0.0,0.0,904,1.0,901,0.0
293,0.0,0.0,0.0,0.3333333333333333,0.0,0.3333333333333333,0.0,0.0,0.3333333333333333,904,0.3333333333333333,906,0.3333333333333333
294,0.0,0.0,0.0,0.3333333333333333,0.0,0.3333333333333333,0.0,0.0,0.3333333333333333,904,0.3333333333333333,906,0.3333333333333333
295,0.0,0.0,0.0,0.3333333333333333,0.0,0.3333333333333333,0.0,0.0,0.3333333333333333,904,0.3333333333333333,906,0.3333333333333333
296,0.14285714285714285,0.0,0.0,0.2857142857142857,0.0,0.2857142857142857,0.0,0.0,0.2857142857142857,904,0.2857142857142857,906,0.2857142857142857
297,0.0,0.0,0.0,0.5,0.0,0.0,0.0,0.0,0.5,904,0.5,909,0.5
298,0.0,0.0,0.0,0.3333333333333333,0.0,0.0,0.0,0.3333333333333333,0.3333333333333333,904,0.3333333333333333,908,0.3333333333333333
299,0.2,0.0,0.0,0.4,0.0,0.0,0.0,0.4,0.0,904,0.4,908,0.4
300,0.0,0.0,0.0,0.5,0.0,0.0,0.0,0.0,0.5,904,0.5,909,0.5
301,0.25,0.0,0.0,0.25,0.0,0.25,0.0,0.0,0.25,901,0.25,904,0.25
302,0.14285714285714285,0.0,0.0,0.2857142857142857,0.0,0.2857142857142857,0.0,0.0,0.2857142857142857,904,0.2857142857142857,906,0.2857142857142857
303,0.0,0.0,0.0,0.25,0.25,0.25,0.0,0.0,0.25,904,0.25,905,0.25
304,0.0,0.0,0.0,0.5,0.0,0.0,0.0,0.0,0.5,904,0.5,909,0.5
305,0.0,0.0,0.0,0.5,0.0,0.0,0.0,0.0,0.5,904,0.5,909,0.5
306,0.0,0.42857142857142855,0.0,0.2857142857142857,0.0,0.0,0.0,0.0,0.2857142857142857,902,0.42857142857142855,904,0.2857142857142857
307,0.1,0.3,0.0,0.2,0.2,0.0,0.0,0.0,0.2,902,0.3,904,0.2
308,0.0,0.0,0.0,0.3333333333333333,0.0,0.3333333333333333,0.0,0.0,0.3333333333333333,904,0.3333333333333333,906,0.3333333333333333
309,0.0,0.0,0.0,0.3333333333333333,0.3333333333333333,0.0,0.0,0.0,0.3333333333333333,904,0.3333333333333333,905,0.3333333333333333
310,0.0,0.0,0.0,0.3333333333333333,0.0,0.3333333333333333,0.0,0.0,0.3333333333333333,904,0.3333333333333333,906,0.3333333333333333
311,0.0,0.0,0.0,0.3333333333333333,0.0,0.3333333333333333,0.0,0.0,0.3333333333333333,904,0.3333333333333333,906,0.3333333333333333
312,0.0,0.0,0.0,0.3333333333333333,0.0,0.3333333333333333,0.0,0.0,0.3333333333333333,904,0.3333333333333333,906,0.3333333333333333
313,0.0,0.0,0.0,0.5,0.0,0.0,0.0,0.0,0.5,904,0.5,909,0.5
314,0.0,0.0,0.0,0.5,0.0,0.0,0.0,0.0,0.5,904,0.5,909,0.5
315,0.0,0.0,0.0,0.3333333333333333,0.0,0.3333333333333333,0.0,0.0,0.3333333333333333,904,0.3333333333333333,906,0.3333333333333333
316,0.0,0.0,0.0,0.3333333333333333,0.0,0.3333333333333333,0.0,0.0,0.3333333333333333,904,0.3333333333333333,906,0.3333333333333333
317,0.0,0.3333333333333333,0.0,0.2222222222222222,0.0,0.2222222222222222,0.0,0.0,0.2222222222222222,902,0.3333333333333333,904,0.2222222222222222
318,0.0,0.0,0.0,0.3333333333333333,0.0,0.3333333333333333,0.0,0.0,0.3333333333333333,904,0.3333333333333333,906,0.3333333333333333
319,0.0,0.0,0.5,0.5,0.0,0.0,0.0,0.0,0.0,903,0.5,904,0.5
320,0.0,0.0,0.0,1.0,0.0,0.0,0.0,0.0,0.0,904,1.0,901,0.0
321,0.0,0.0,0.0,0.3333333333333333,0.0,0.3333333333333333,0.0,0.0,0.3333333333333333,904,0.3333333333333333,906,0.3333333333333333
322,0.0,0.0,0.0,0.5,0.0,0.0,0.0,0.0,0.5,904,0.5,909,0.5
323,0.0,0.0,0.0,0.3333333333333333,0.0,0.3333333333333333,0.0,0.0,0.3333333333333333,904,0.3333333333333333,906,0.3333333333333333
324,0.0,0.0,0.0,1.0,0.0,0.0,0.0,0.0,0.0,904,1.0,901,0.0
325,0.0,0.0,0.0,1.0,0.0,0.0,0.0,0.0,0.0,904,1.0,901,0.0
326,0.0,0.0,0.0,1.0,0.0,0.0,0.0,0.0,0.0,904,1.0,901,0.0
327,0.0,0.0,0.0,1.0,0.0,0.0,0.0,0.0,0.0,904,1.0,901,0.0
328,0.0,0.0,0.0,0.5,0.0,0.0,0.0,0.0,0.5,904,0.5,909,0.5
329,0.3333333333333333,0.0,0.0,0.6666666666666666,0.0,0.0,0.0,0.0,0.0,904,0.6666666666666666,901,0.3333333333333333
330,0.0,0.0,0.0,0.5,0.0,0.0,0.0,0.0,0.5,904,0.5,909,0.5
331,0.0,0.0,0.0,1.0,0.0,0.0,0.0,0.0,0.0,904,1.0,901,0.0
332,0.2,0.0,0.0,0.4,0.0,0.0,0.0,0.0,0.4,904,0.4,909,0.4
333,0.0,0.0,0.0,0.5,0.0,0.5,0.0,0.0,0.0,904,0.5,906,0.5
334,0.0,0.0,0.0,0.0,0.0,0.5,0.0,0.0,0.5,906,0.5,909,0.5
335,0.0,0.0,0.0,1.0,0.0,0.0,0.0,0.0,0.0,904,1.0,901,0.0
336,0.0,0.0,0.2,0.2,0.0,0.2,0.0,0.2,0.2,903,0.2,904,0.2
337,0.0,0.0,0.0,0.5,0.0,0.5,0.0,0.0,0.0,904,0.5,906,0.5
338,0.0,0.0,0.0,0.3333333333333333,0.0,0.3333333333333333,0.0,0.0,0.3333333333333333,904,0.3333333333333333,906,0.3333333333333333
339,0.0,0.0,0.0,0.3333333333333333,0.0,0.3333333333333333,0.0,0.0,0.3333333333333333,904,0.3333333333333333,906,0.3333333333333333
340,0.1111111111111111,0.0,0.0,0.2222222222222222,0.0,0.2222222222222222,0.0,0.2222222222222222,0.2222222222222222,904,0.2222222222222222,906,0.2222222222222222
341,0.0,0.0,0.0,0.5,0.0,0.0,0.0,0.0,0.5,904,0.5,909,0.5
342,0.2,0.0,0.0,0.4,0.0,0.0,0.0,0.4,0.0,904,0.4,908,0.4
343,0.0,0.0,0.0,0.3333333333333333,0.0,0.3333333333333333,0.0,0.0,0.3333333333333333,904,0.3333333333333333,906,0.3333333333333333
344,0.0,0.0,0.2,0.2,0.0,0.2,0.0,0.2,0.2,903,0.2,904,0.2
345,0.0,0.0,0.0,0.3333333333333333,0.0,0.0,0.0,0.3333333333333333,0.3333333333333333,904,0.3333333333333333,908,0.3333333333333333
346,0.0,0.0,0.0,0.3333333333333333,0.0,0.0,0.0,0.3333333333333333,0.3333333333333333,904,0.3333333333333333,908,0.3333333333333333
347,0.0,0.0,0.0,0.5,0.0,0.0,0.0,0.0,0.5,904,0.5,909,0.5
348,0.0,0.0,0.0,1.0,0.0,0.0,0.0,0.0,0.0,904,1.0,901,0.0
349,0.0,0.0,0.0,1.0,0.0,0.0,0.0,0.0,0.0,904,1.0,901,0.0
350,0.0,0.0,0.0,1.0,0.0,0.0,0.0,0.0,0.0,904,1.0,901,0.0
351,0.0,0.0,0.0,1.0,0.0,0.0,0.0,0.0,0.0,904,1.0,901,0.0
352,0.0,0.0,0.0,1.0,0.0,0.0,0.0,0.0,0.0,904,1.0,901,0.0
353,0.0,0.0,0.0,0.5,0.0,0.0,0.0,0.0,0.5,904,0.5,909,0.5
354,0.0,0.0,0.5,0.5,0.0,0.0,0.0,0.0,0.0,903,0.5,904,0.5
355,0.0,0.0,0.0,0.5,0.0,0.0,0.0,0.0,0.5,904,0.5,909,0.5
356,0.0,0.0,0.0,1.0,0.0,0.0,0.0,0.0,0.0,904,1.0,901,0.0
357,0.0,0.0,0.0,0.5,0.0,0.0,0.0,0.0,0.5,904,0.5,909,0.5
358,0.0,0.0,0.0,1.0,0.0,0.0,0.0,0.0,0.0,904,1.0,901,0.0
359,0.0,0.0,0.0,1.0,0.0,0.0,0.0,0.0,0.0,904,1.0,901,0.0
360,0.0,0.0,0.0,1.0,0.0,0.0,0.0,0.0,0.0,904,1.0,901,0.0
361,0.0,0.0,0.0,0.3333333333333333,0.0,0.0,0.0,0.3333333333333333,0.3333333333333333,904,0.3333333333333333,908,0.3333333333333333
362,0.0,0.0,0.0,0.5,0.0,0.0,0.0,0.0,0.5,904,0.5,909,0.5
363,0.0,0.0,0.0,0.0,0.0,0.0,0.0,0.0,1.0,909,1.0,901,0.0
364,0.0,0.0,0.0,1.0,0.0,0.0,0.0,0.0,0.0,904,1.0,901,0.0
365,0.0,0.0,0.0,1.0,0.0,0.0,0.0,0.0,0.0,904,1.0,901,0.0
366,0.0,0.0,0.0,0.5,0.0,0.0,0.0,0.5,0.0,904,0.5,908,0.5
367,0.0,0.0,0.5,0.5,0.0,0.0,0.0,0.0,0.0,903,0.5,904,0.5
368,0.0,0.0,0.0,0.0,0.0,0.0,0.0,0.0,0.0,901,0.0,902,0.0
369,0.0,0.0,0.0,0.0,0.0,0.0,0.0,0.0,1.0,909,1.0,901,0.0
370,0.0,0.0,0.0,1.0,0.0,0.0,0.0,0.0,0.0,904,1.0,901,0.0
371,0.0,0.42857142857142855,0.0,0.2857142857142857,0.0,0.0,0.0,0.2857142857142857,0.0,902,0.42857142857142855,904,0.2857142857142857
372,0.0,0.0,0.0,0.5,0.5,0.0,0.0,0.0,0.0,904,0.5,905,0.5
373,0.0,0.0,0.0,0.3333333333333333,0.0,0.3333333333333333,0.0,0.0,0.3333333333333333,904,0.3333333333333333,906,0.3333333333333333
374,0.0,0.0,0.0,1.0,0.0,0.0,0.0,0.0,0.0,904,1.0,901,0.0
375,0.0,0.0,0.0,0.5,0.5,0.0,0.0,0.0,0.0,904,0.5,905,0.5
376,0.0,0.0,0.0,0.5,0.0,0.0,0.0,0.0,0.5,904,0.5,909,0.5
377,0.0,0.0,0.0,0.3333333333333333,0.0,0.0,0.0,0.3333333333333333,0.3333333333333333,904,0.3333333333333333,908,0.3333333333333333
378,0.0,0.6,0.0,0.4,0.0,0.0,0.0,0.0,0.0,902,0.6,904,0.4
379,0.0,0.0,0.0,0.5,0.0,0.0,0.0,0.0,0.5,904,0.5,909,0.5
380,0.2,0.0,0.0,0.4,0.0,0.0,0.0,0.0,0.4,904,0.4,909,0.4
381,0.0,0.0,0.0,0.5,0.0,0.0,0.0,0.0,0.5,904,0.5,909,0.5
382,0.0,0.0,0.0,0.5,0.0,0.0,0.0,0.0,0.5,904,0.5,909,0.5
383,0.0,0.0,0.0,0.0,0.0,0.0,0.0,0.0,0.0,901,0.0,902,0.0
384,0.0,0.0,0.0,0.5,0.0,0.0,0.0,0.0,0.5,904,0.5,909,0.5
385,0.0,0.0,0.0,1.0,0.0,0.0,0.0,0.0,0.0,904,1.0,901,0.0
386,0.3333333333333333,0.0,0.0,0.6666666666666666,0.0,0.0,0.0,0.0,0.0,904,0.6666666666666666,901,0.3333333333333333
387,0.0,0.0,0.0,0.0,0.0,0.0,0.0,0.0,1.0,909,1.0,901,0.0
388,0.0,0.0,0.0,0.5,0.0,0.0,0.0,0.0,0.5,904,0.5,909,0.5
389,0.0,0.0,0.0,0.0,0.0,0.0,0.0,0.0,1.0,909,1.0,901,0.0
390,0.0,0.0,0.0,0.3333333333333333,0.0,0.0,0.3333333333333333,0.0,0.3333333333333333,904,0.3333333333333333,907,0.3333333333333333
391,0.0,0.0,0.0,0.0,0.0,0.0,0.0,0.0,1.0,909,1.0,901,0.0
392,0.0,0.0,0.0,1.0,0.0,0.0,0.0,0.0,0.0,904,1.0,901,0.0
393,0.0,0.0,0.0,0.3333333333333333,0.3333333333333333,0.0,0.3333333333333333,0.0,0.0,904,0.3333333333333333,905,0.3333333333333333
394,0.2,0.0,0.0,0.4,0.0,0.0,0.0,0.0,0.4,904,0.4,909,0.4
395,0.0,0.0,0.0,0.5,0.0,0.0,0.0,0.0,0.5,904,0.5,909,0.5
396,0.0,0.0,0.0,0.5,0.0,0.0,0.0,0.0,0.5,904,0.5,909,0.5
397,0.0,0.0,0.0,0.0,0.0,0.0,0.0,0.5,0.5,908,0.5,909,0.5
398,0.0,0.0,0.0,0.5,0.0,0.0,0.0,0.0,0.5,904,0.5,909,0.5
399,0.0,0.0,0.25,0.25,0.0,0.0,0.0,0.25,0.25,903,0.25,904,0.25
400,0.0,0.0,0.0,0.3333333333333333,0.0,0.0,0.3333333333333333,0.0,0.3333333333333333,904,0.3333333333333333,907,0.3333333333333333
401,0.0,0.42857142857142855,0.0,0.2857142857142857,0.0,0.0,0.0,0.0,0.2857142857142857,902,0.42857142857142855,904,0.2857142857142857
402,0.0,0.0,0.0,0.0,0.0,0.0,0.0,0.0,1.0,909,1.0,901,0.0
403,0.0,0.0,0.0,0.5,0.0,0.0,0.0,0.5,0.0,904,0.5,908,0.5
404,0.0,0.0,0.0,1.0,0.0,0.0,0.0,0.0,0.0,904,1.0,901,0.0
405,0.0,0.0,0.0,0.5,0.0,0.0,0.0,0.0,0.5,904,0.5,909,0.5
406,0.0,0.0,0.0,1.0,0.0,0.0,0.0,0.0,0.0,904,1.0,901,0.0
407,0.0,0.0,0.0,0.3333333333333333,0.0,0.0,0.0,0.3333333333333333,0.3333333333333333,904,0.3333333333333333,908,0.3333333333333333
408,0.0,0.0,0.0,1.0,0.0,0.0,0.0,0.0,0.0,904,1.0,901,0.0
409,0.0,0.0,0.0,0.5,0.0,0.0,0.0,0.0,0.5,904,0.5,909,0.5
410,0.0,0.0,0.0,0.0,0.0,0.0,0.0,0.0,1.0,909,1.0,901,0.0
411,0.0,0.0,0.0,0.5,0.0,0.0,0.0,0.0,0.5,904,0.5,909,0.5
412,0.0,0.0,0.0,0.5,0.0,0.0,0.0,0.0,0.5,904,0.5,909,0.5
413,0.0,0.0,0.0,0.5,0.0,0.0,0.0,0.0,0.5,904,0.5,909,0.5
414,0.0,0.0,0.0,0.5,0.0,0.0,0.0,0.0,0.5,904,0.5,909,0.5
415,0.0,0.0,0.0,1.0,0.0,0.0,0.0,0.0,0.0,904,1.0,901,0.0
416,0.0,0.0,0.0,0.5,0.0,0.0,0.0,0.0,0.5,904,0.5,909,0.5
417,0.0,0.0,0.0,0.5,0.0,0.0,0.0,0.0,0.5,904,0.5,909,0.5
418,0.0,0.42857142857142855,0.0,0.2857142857142857,0.0,0.0,0.0,0.0,0.2857142857142857,902,0.42857142857142855,904,0.2857142857142857
419,0.2,0.0,0.0,0.0,0.0,0.0,0.0,0.4,0.4,908,0.4,909,0.4
420,0.0,0.0,0.0,0.5,0.0,0.0,0.0,0.0,0.5,904,0.5,909,0.5
421,0.0,0.0,0.0,0.5,0.0,0.0,0.0,0.0,0.5,904,0.5,909,0.5
422,0.0,0.0,0.0,0.5,0.0,0.0,0.0,0.0,0.5,904,0.5,909,0.5
423,0.1111111111111111,0.0,0.2222222222222222,0.2222222222222222,0.0,0.0,0.2222222222222222,0.0,0.2222222222222222,903,0.2222222222222222,904,0.2222222222222222
424,0.0,0.0,0.0,0.3333333333333333,0.0,0.0,0.0,0.3333333333333333,0.3333333333333333,904,0.3333333333333333,908,0.3333333333333333
425,0.0,0.0,0.0,0.3333333333333333,0.0,0.3333333333333333,0.0,0.0,0.3333333333333333,904,0.3333333333333333,906,0.3333333333333333
426,0.0,0.0,0.0,0.5,0.0,0.0,0.0,0.0,0.5,904,0.5,909,0.5
427,0.0,0.0,0.25,0.25,0.0,0.0,0.0,0.25,0.25,903,0.25,904,0.25
428,0.0,0.0,0.0,0.5,0.0,0.0,0.0,0.0,0.5,904,0.5,909,0.5
429,0.0,0.0,0.2,0.2,0.0,0.0,0.2,0.2,0.2,903,0.2,904,0.2
430,0.0,0.0,0.0,0.5,0.0,0.0,0.5,0.0,0.0,904,0.5,907,0.5
431,0.0,0.0,0.0,0.3333333333333333,0.0,0.3333333333333333,0.3333333333333333,0.0,0.0,904,0.3333333333333333,906,0.3333333333333333
432,0.0,0.0,0.0,0.5,0.0,0.0,0.0,0.0,0.5,904,0.5,909,0.5
433,0.0,0.0,0.0,1.0,0.0,0.0,0.0,0.0,0.0,904,1.0,901,0.0
434,0.0,0.0,0.0,0.5,0.0,0.0,0.0,0.0,0.5,904,0.5,909,0.5
435,0.0,0.0,0.0,0.5,0.0,0.0,0.0,0.0,0.5,904,0.5,909,0.5
436,0.0,0.0,0.0,1.0,0.0,0.0,0.0,0.0,0.0,904,1.0,901,0.0
437,0.0,0.0,0.0,0.3333333333333333,0.0,0.3333333333333333,0.0,0.0,0.3333333333333333,904,0.3333333333333333,906,0.3333333333333333
438,0.0,0.0,0.0,0.5,0.0,0.0,0.0,0.0,0.5,904,0.5,909,0.5
439,0.125,0.375,0.0,0.25,0.0,0.0,0.0,0.25,0.0,902,0.375,904,0.25
440,0.0,0.0,0.0,0.5,0.0,0.0,0.0,0.0,0.5,904,0.5,909,0.5
441,0.0,0.0,0.0,0.5,0.0,0.0,0.0,0.0,0.5,904,0.5,909,0.5
442,0.3333333333333333,0.0,0.0,0.6666666666666666,0.0,0.0,0.0,0.0,0.0,904,0.6666666666666666,901,0.3333333333333333
443,0.0,0.0,0.5,0.5,0.0,0.0,0.0,0.0,0.0,903,0.5,904,0.5
444,0.0,0.3333333333333333,0.2222222222222222,0.2222222222222222,0.0,0.0,0.0,0.0,0.2222222222222222,902,0.3333333333333333,903,0.2222222222222222
445,0.0,0.0,0.0,0.3333333333333333,0.0,0.0,0.0,0.3333333333333333,0.3333333333333333,904,0.3333333333333333,908,0.3333333333333333
446,0.0,0.0,0.25,0.25,0.0,0.0,0.0,0.25,0.25,903,0.25,904,0.25
447,0.0,0.0,0.0,1.0,0.0,0.0,0.0,0.0,0.0,904,1.0,901,0.0
448,0.0,0.42857142857142855,0.2857142857142857,0.2857142857142857,0.0,0.0,0.0,0.0,0.0,902,0.42857142857142855,903,0.2857142857142857
449,0.0,0.0,0.0,0.5,0.0,0.0,0.0,0.0,0.5,904,0.5,909,0.5
450,0.0,0.0,0.0,1.0,0.0,0.0,0.0,0.0,0.0,904,1.0,901,0.0
451,0.0,0.0,0.0,1.0,0.0,0.0,0.0,0.0,0.0,904,1.0,901,0.0
452,0.0,0.0,0.25,0.25,0.0,0.0,0.0,0.25,0.25,903,0.25,904,0.25
453,0.0,0.0,0.0,0.0,0.0,0.0,0.0,1.0,0.0,908,1.0,901,0.0
454,0.0,0.0,0.0,1.0,0.0,0.0,0.0,0.0,0.0,904,1.0,901,0.0
455,0.0,0.0,0.0,0.5,0.0,0.0,0.0,0.5,0.0,904,0.5,908,0.5
456,0.0,0.0,0.0,0.5,0.0,0.0,0.0,0.0,0.5,904,0.5,909,0.5
457,0.0,0.0,0.0,0.3333333333333333,0.0,0.0,0.0,0.3333333333333333,0.3333333333333333,904,0.3333333333333333,908,0.3333333333333333
458,0.0,0.0,0.0,0.5,0.0,0.0,0.0,0.5,0.0,904,0.5,908,0.5
459,0.0,0.0,0.0,0.5,0.0,0.0,0.0,0.0,0.5,904,0.5,909,0.5
460,0.0,0.0,0.0,0.5,0.0,0.0,0.0,0.0,0.5,904,0.5,909,0.5
461,0.0,0.0,0.3333333333333333,0.3333333333333333,0.0,0.0,0.0,0.3333333333333333,0.0,903,0.3333333333333333,904,0.3333333333333333
462,0.0,0.0,0.5,0.5,0.0,0.0,0.0,0.0,0.0,903,0.5,904,0.5
463,0.3333333333333333,0.0,0.0,0.0,0.0,0.0,0.0,0.6666666666666666,0.0,908,0.6666666666666666,901,0.3333333333333333
464,0.0,0.0,0.0,0.5,0.0,0.0,0.0,0.0,0.5,904,0.5,909,0.5
465,0.0,0.0,0.0,0.5,0.0,0.0,0.0,0.0,0.5,904,0.5,909,0.5
466,0.0,0.0,0.0,0.5,0.0,0.0,0.0,0.0,0.5,904,0.5,909,0.5
467,0.0,0.0,0.0,1.0,0.0,0.0,0.0,0.0,0.0,904,1.0,901,0.0
468,0.0,0.0,0.0,0.5,0.0,0.0,0.0,0.0,0.5,904,0.5,909,0.5
469,0.0,0.0,0.0,0.3333333333333333,0.0,0.3333333333333333,0.0,0.0,0.3333333333333333,904,0.3333333333333333,906,0.3333333333333333
470,0.0,0.0,0.0,0.5,0.0,0.0,0.0,0.0,0.5,904,0.5,909,0.5
471,0.0,0.0,0.0,1.0,0.0,0.0,0.0,0.0,0.0,904,1.0,901,0.0
472,0.0,0.0,0.0,1.0,0.0,0.0,0.0,0.0,0.0,904,1.0,901,0.0
473,0.0,0.0,0.0,0.5,0.0,0.0,0.0,0.5,0.0,904,0.5,908,0.5
474,0.0,0.0,0.0,0.5,0.0,0.0,0.0,0.0,0.5,904,0.5,909,0.5
475,0.0,0.0,0.0,0.5,0.0,0.0,0.0,0.0,0.5,904,0.5,909,0.5
476,0.0,0.0,0.0,0.3333333333333333,0.0,0.3333333333333333,0.0,0.0,0.3333333333333333,904,0.3333333333333333,906,0.3333333333333333
477,0.0,0.0,0.0,0.5,0.0,0.0,0.0,0.0,0.5,904,0.5,909,0.5
478,0.0,0.0,0.0,1.0,0.0,0.0,0.0,0.0,0.0,904,1.0,901,0.0
479,0.0,0.0,0.0,0.5,0.0,0.0,0.0,0.0,0.5,904,0.5,909,0.5
480,0.0,0.0,0.0,1.0,0.0,0.0,0.0,0.0,0.0,904,1.0,901,0.0
481,0.14285714285714285,0.0,0.0,0.2857142857142857,0.0,0.0,0.2857142857142857,0.0,0.2857142857142857,904,0.2857142857142857,907,0.2857142857142857
482,0.0,0.0,0.0,1.0,0.0,0.0,0.0,0.0,0.0,904,1.0,901,0.0
483,0.0,0.0,0.0,1.0,0.0,0.0,0.0,0.0,0.0,904,1.0,901,0.0
484,0.0,0.0,0.0,1.0,0.0,0.0,0.0,0.0,0.0,904,1.0,901,0.0
485,0.0,0.0,0.0,1.0,0.0,0.0,0.0,0.0,0.0,904,1.0,901,0.0
486,0.14285714285714285,0.0,0.0,0.2857142857142857,0.0,0.2857142857142857,0.0,0.0,0.2857142857142857,904,0.2857142857142857,906,0.2857142857142857
487,0.0,0.0,0.0,0.5,0.0,0.0,0.0,0.0,0.5,904,0.5,909,0.5
488,0.2,0.0,0.0,0.4,0.0,0.0,0.0,0.0,0.4,904,0.4,909,0.4
489,0.0,0.0,0.0,0.3333333333333333,0.0,0.0,0.0,0.3333333333333333,0.3333333333333333,904,0.3333333333333333,908,0.3333333333333333
490,0.0,0.0,0.0,0.3333333333333333,0.0,0.3333333333333333,0.0,0.3333333333333333,0.0,904,0.3333333333333333,906,0.3333333333333333
491,0.2,0.0,0.2,0.2,0.0,0.2,0.0,0.2,0.0,901,0.2,903,0.2
492,0.0,0.0,0.0,0.3333333333333333,0.0,0.3333333333333333,0.0,0.0,0.3333333333333333,904,0.3333333333333333,906,0.3333333333333333
493,0.0,0.0,0.0,0.0,0.0,0.5,0.0,0.0,0.5,906,0.5,909,0.5
494,0.0,0.0,0.0,0.3333333333333333,0.0,0.3333333333333333,0.0,0.0,0.3333333333333333,904,0.3333333333333333,906,0.3333333333333333
495,0.0,0.0,0.0,0.5,0.0,0.5,0.0,0.0,0.0,904,0.5,906,0.5
496,0.0,0.0,0.16666666666666666,0.16666666666666666,0.16666666666666666,0.0,0.16666666666666666,0.16666666666666666,0.16666666666666666,903,0.16666666666666666,904,0.16666666666666666
497,0.14285714285714285,0.0,0.0,0.2857142857142857,0.0,0.2857142857142857,0.0,0.0,0.2857142857142857,904,0.2857142857142857,906,0.2857142857142857
498,0.0,0.0,0.0,0.5,0.0,0.0,0.0,0.0,0.5,904,0.5,909,0.5
499,0.0,0.0,0.0,0.25,0.0,0.25,0.0,0.25,0.25,904,0.25,906,0.25
500,0.0,0.42857142857142855,0.0,0.2857142857142857,0.0,0.2857142857142857,0.0,0.0,0.0,902,0.42857142857142855,904,0.2857142857142857
501,0.1,0.3,0.0,0.2,0.0,0.0,0.0,0.2,0.2,902,0.3,904,0.2
502,0.0,0.0,0.0,0.3333333333333333,0.0,0.3333333333333333,0.0,0.0,0.3333333333333333,904,0.3333333333333333,906,0.3333333333333333
503,0.0,0.0,0.0,0.3333333333333333,0.0,0.3333333333333333,0.0,0.0,0.3333333333333333,904,0.3333333333333333,906,0.3333333333333333
504,0.0,0.0,0.0,0.25,0.0,0.25,0.0,0.25,0.25,904,0.25,906,0.25
505,0.2,0.0,0.4,0.4,0.0,0.0,0.0,0.0,0.0,903,0.4,904,0.4
506,0.0,0.0,0.0,0.5,0.0,0.5,0.0,0.0,0.0,904,0.5,906,0.5
507,0.0,0.0,0.0,0.5,0.0,0.0,0.0,0.0,0.5,904,0.5,909,0.5
508,0.0,0.0,0.5,0.5,0.0,0.0,0.0,0.0,0.0,903,0.5,904,0.5
509,0.0,0.0,0.0,1.0,0.0,0.0,0.0,0.0,0.0,904,1.0,901,0.0
510,0.0,0.0,0.0,0.5,0.0,0.5,0.0,0.0,0.0,904,0.5,906,0.5
511,0.1111111111111111,0.0,0.0,0.2222222222222222,0.0,0.2222222222222222,0.0,0.2222222222222222,0.2222222222222222,904,0.2222222222222222,906,0.2222222222222222
512,0.0,0.0,0.0,0.3333333333333333,0.0,0.0,0.0,0.3333333333333333,0.3333333333333333,904,0.3333333333333333,908,0.3333333333333333
513,0.14285714285714285,0.0,0.0,0.2857142857142857,0.0,0.0,0.0,0.2857142857142857,0.2857142857142857,904,0.2857142857142857,908,0.2857142857142857
514,0.0,0.0,0.0,1.0,0.0,0.0,0.0,0.0,0.0,904,1.0,901,0.0
515,0.0,0.0,0.0,0.0,0.0,0.0,0.0,0.0,0.0,901,0.0,902,0.0
516,0.0,0.0,0.0,1.0,0.0,0.0,0.0,0.0,0.0,904,1.0,901,0.0
517,0.0,0.0,0.0,0.0,0.0,0.0,0.0,0.0,0.0,901,0.0,902,0.0
518,0.0,0.0,0.0,0.5,0.0,0.0,0.0,0.0,0.5,904,0.5,909,0.5
519,0.0,0.0,0.0,0.0,0.0,0.0,0.0,0.0,1.0,909,1.0,901,0.0
520,0.0,0.0,0.0,1.0,0.0,0.0,0.0,0.0,0.0,904,1.0,901,0.0
521,0.0,0.0,0.0,1.0,0.0,0.0,0.0,0.0,0.0,904,1.0,901,0.0
522,0.0,0.0,0.0,1.0,0.0,0.0,0.0,0.0,0.0,904,1.0,901,0.0
523,0.0,0.0,0.0,1.0,0.0,0.0,0.0,0.0,0.0,904,1.0,901,0.0
524,0.2,0.0,0.0,0.4,0.0,0.4,0.0,0.0,0.0,904,0.4,906,0.4
525,0.0,0.0,0.0,1.0,0.0,0.0,0.0,0.0,0.0,904,1.0,901,0.0
526,0.0,0.0,0.5,0.5,0.0,0.0,0.0,0.0,0.0,903,0.5,904,0.5
527,0.0,0.0,0.0,1.0,0.0,0.0,0.0,0.0,0.0,904,1.0,901,0.0
528,0.0,0.0,0.0,0.0,0.0,0.0,0.0,0.0,0.0,901,0.0,902,0.0
529,0.2,0.0,0.0,0.4,0.0,0.0,0.0,0.0,0.4,904,0.4,909,0.4
530,0.0,0.0,0.0,0.5,0.0,0.0,0.0,0.0,0.5,904,0.5,909,0.5
531,0.0,0.0,0.0,0.3333333333333333,0.0,0.0,0.0,0.3333333333333333,0.3333333333333333,904,0.3333333333333333,908,0.3333333333333333
532,0.0,0.0,0.0,0.5,0.0,0.0,0.0,0.0,0.5,904,0.5,909,0.5
533,0.0,0.0,0.3333333333333333,0.3333333333333333,0.0,0.0,0.0,0.0,0.3333333333333333,903,0.3333333333333333,904,0.3333333333333333
534,0.0,0.0,0.0,0.5,0.0,0.0,0.0,0.0,0.5,904,0.5,909,0.5
535,0.0,0.42857142857142855,0.0,0.2857142857142857,0.0,0.0,0.0,0.0,0.2857142857142857,902,0.42857142857142855,904,0.2857142857142857
536,0.0,0.0,0.0,0.5,0.0,0.0,0.0,0.0,0.5,904,0.5,909,0.5
537,0.0,0.0,0.0,0.3333333333333333,0.0,0.3333333333333333,0.0,0.0,0.3333333333333333,904,0.3333333333333333,906,0.3333333333333333
538,0.0,0.0,0.0,1.0,0.0,0.0,0.0,0.0,0.0,904,1.0,901,0.0
539,0.0,0.0,0.0,0.3333333333333333,0.0,0.0,0.0,0.3333333333333333,0.3333333333333333,904,0.3333333333333333,908,0.3333333333333333
540,0.0,0.0,0.0,0.25,0.0,0.25,0.0,0.25,0.25,904,0.25,906,0.25
541,0.0,0.0,0.0,0.5,0.0,0.0,0.0,0.0,0.5,904,0.5,909,0.5
542,0.0,0.0,0.0,0.5,0.0,0.0,0.0,0.0,0.5,904,0.5,909,0.5
543,0.2,0.0,0.4,0.4,0.0,0.0,0.0,0.0,0.0,903,0.4,904,0.4
544,0.0,0.0,0.0,0.5,0.0,0.0,0.0,0.0,0.5,904,0.5,909,0.5
545,0.0,0.0,0.0,0.3333333333333333,0.0,0.3333333333333333,0.0,0.0,0.3333333333333333,904,0.3333333333333333,906,0.3333333333333333
546,0.0,0.0,0.0,0.5,0.0,0.0,0.0,0.0,0.5,904,0.5,909,0.5
547,0.0,0.0,0.0,0.5,0.0,0.0,0.0,0.0,0.5,904,0.5,909,0.5
548,0.0,0.0,0.0,0.3333333333333333,0.3333333333333333,0.0,0.0,0.3333333333333333,0.0,904,0.3333333333333333,905,0.3333333333333333
549,0.0,0.0,0.0,0.5,0.0,0.0,0.0,0.5,0.0,904,0.5,908,0.5
550,0.0,0.0,0.25,0.25,0.0,0.25,0.0,0.0,0.25,903,0.25,904,0.25
551,0.0,0.0,0.0,0.0,0.0,0.0,0.0,0.0,0.0,901,0.0,902,0.0
552,0.0,0.0,0.0,0.0,0.0,0.0,0.0,0.0,0.0,901,0.0,902,0.0
553,0.0,0.0,0.3333333333333333,0.3333333333333333,0.0,0.0,0.0,0.0,0.3333333333333333,903,0.3333333333333333,904,0.3333333333333333
554,0.14285714285714285,0.0,0.2857142857142857,0.2857142857142857,0.0,0.0,0.0,0.0,0.2857142857142857,903,0.2857142857142857,904,0.2857142857142857
555,0.0,0.0,0.3333333333333333,0.3333333333333333,0.0,0.0,0.0,0.0,0.3333333333333333,903,0.3333333333333333,904,0.3333333333333333
556,0.0,0.0,0.0,0.5,0.0,0.0,0.0,0.0,0.5,904,0.5,909,0.5
557,0.3333333333333333,0.0,0.0,0.6666666666666666,0.0,0.0,0.0,0.0,0.0,904,0.6666666666666666,901,0.3333333333333333
558,0.0,0.0,0.5,0.5,0.0,0.0,0.0,0.0,0.0,903,0.5,904,0.5
559,0.0,0.0,0.0,0.5,0.0,0.5,0.0,0.0,0.0,904,0.5,906,0.5
560,0.3333333333333333,0.0,0.0,0.3333333333333333,0.0,0.3333333333333333,0.0,0.0,0.0,901,0.3333333333333333,904,0.3333333333333333
561,0.1111111111111111,0.0,0.2222222222222222,0.2222222222222222,0.0,0.2222222222222222,0.0,0.0,0.2222222222222222,903,0.2222222222222222,904,0.2222222222222222
562,0.0,0.0,0.0,0.5,0.0,0.0,0.0,0.0,0.5,904,0.5,909,0.5
563,0.0,0.0,0.0,0.3333333333333333,0.0,0.0,0.0,0.3333333333333333,0.3333333333333333,904,0.3333333333333333,908,0.3333333333333333
564,0.0,0.0,0.25,0.25,0.0,0.0,0.0,0.25,0.25,903,0.25,904,0.25
565,0.3333333333333333,0.0,0.0,0.6666666666666666,0.0,0.0,0.0,0.0,0.0,904,0.6666666666666666,901,0.3333333333333333
566,0.0,0.0,0.25,0.25,0.0,0.25,0.0,0.0,0.25,903,0.25,904,0.25
567,0.2,0.0,0.4,0.4,0.0,0.0,0.0,0.0,0.0,903,0.4,904,0.4
568,0.0,0.0,0.3333333333333333,0.0,0.0,0.0,0.3333333333333333,0.0,0.3333333333333333,903,0.3333333333333333,907,0.3333333333333333
569,0.0,0.0,0.0,0.3333333333333333,0.0,0.3333333333333333,0.0,0.0,0.3333333333333333,904,0.3333333333333333,906,0.3333333333333333
570,0.14285714285714285,0.0,0.0,0.2857142857142857,0.0,0.2857142857142857,0.0,0.0,0.2857142857142857,904,0.2857142857142857,906,0.2857142857142857
571,0.0,0.0,0.0,0.5,0.0,0.0,0.0,0.0,0.5,904,0.5,909,0.5
572,0.0,0.0,0.0,0.3333333333333333,0.0,0.0,0.0,0.3333333333333333,0.3333333333333333,904,0.3333333333333333,908,0.3333333333333333
573,0.0,0.0,0.3333333333333333,0.3333333333333333,0.0,0.0,0.0,0.3333333333333333,0.0,903,0.3333333333333333,904,0.3333333333333333
574,0.0,0.0,0.0,1.0,0.0,0.0,0.0,0.0,0.0,904,1.0,901,0.0
575,0.0,0.0,0.0,0.3333333333333333,0.0,0.3333333333333333,0.0,0.0,0.3333333333333333,904,0.3333333333333333,906,0.3333333333333333
576,0.3333333333333333,0.0,0.0,0.6666666666666666,0.0,0.0,0.0,0.0,0.0,904,0.6666666666666666,901,0.3333333333333333
577,0.0,0.0,0.0,0.3333333333333333,0.0,0.0,0.0,0.3333333333333333,0.3333333333333333,904,0.3333333333333333,908,0.3333333333333333
578,0.0,0.0,0.5,0.5,0.0,0.0,0.0,0.0,0.0,903,0.5,904,0.5
579,0.0,0.0,0.0,0.5,0.0,0.5,0.0,0.0,0.0,904,0.5,906,0.5
580,0.0,0.0,0.0,0.5,0.0,0.0,0.0,0.0,0.5,904,0.5,909,0.5
581,0.0,0.0,0.0,1.0,0.0,0.0,0.0,0.0,0.0,904,1.0,901,0.0
582,0.0,0.0,0.0,1.0,0.0,0.0,0.0,0.0,0.0,904,1.0,901,0.0
583,0.0,0.0,0.0,1.0,0.0,0.0,0.0,0.0,0.0,904,1.0,901,0.0
584,0.0,0.0,0.5,0.5,0.0,0.0,0.0,0.0,0.0,903,0.5,904,0.5
585,0.0,0.0,0.0,0.5,0.0,0.0,0.0,0.5,0.0,904,0.5,908,0.5
586,0.0,0.0,0.0,0.5,0.0,0.0,0.0,0.5,0.0,904,0.5,908,0.5
587,0.0,0.0,0.0,1.0,0.0,0.0,0.0,0.0,0.0,904,1.0,901,0.0
588,0.0,0.3333333333333333,0.2222222222222222,0.2222222222222222,0.0,0.0,0.0,0.2222222222222222,0.0,902,0.3333333333333333,903,0.2222222222222222
589,0.0,0.0,0.0,0.3333333333333333,0.0,0.0,0.0,0.3333333333333333,0.3333333333333333,904,0.3333333333333333,908,0.3333333333333333
590,0.0,0.0,0.0,0.25,0.0,0.25,0.0,0.25,0.25,904,0.25,906,0.25
591,0.0,0.0,0.0,0.5,0.0,0.0,0.0,0.0,0.5,904,0.5,909,0.5
592,0.0,0.0,0.0,0.5,0.0,0.0,0.0,0.0,0.5,904,0.5,909,0.5
593,0.0,0.0,0.0,0.3333333333333333,0.0,0.0,0.0,0.3333333333333333,0.3333333333333333,904,0.3333333333333333,908,0.3333333333333333
594,0.0,0.0,0.0,0.3333333333333333,0.0,0.3333333333333333,0.0,0.0,0.3333333333333333,904,0.3333333333333333,906,0.3333333333333333
595,0.0,0.0,0.0,0.3333333333333333,0.0,0.0,0.0,0.3333333333333333,0.3333333333333333,904,0.3333333333333333,908,0.3333333333333333
596,0.0,0.0,0.3333333333333333,0.3333333333333333,0.0,0.0,0.0,0.0,0.3333333333333333,903,0.3333333333333333,904,0.3333333333333333
597,0.0,0.0,0.0,0.5,0.0,0.0,0.0,0.5,0.0,904,0.5,908,0.5
598,0.0,0.0,0.0,0.5,0.0,0.0,0.0,0.5,0.0,904,0.5,908,0.5
599,0.0,0.0,0.0,0.5,0.0,0.0,0.5,0.0,0.0,904,0.5,907,0.5
600,0.0,0.0,0.0,0.3333333333333333,0.0,0.3333333333333333,0.0,0.0,0.3333333333333333,904,0.3333333333333333,906,0.3333333333333333
601,0.0,0.0,0.0,0.5,0.0,0.0,0.0,0.0,0.5,904,0.5,909,0.5
602,0.0,0.0,0.3333333333333333,0.3333333333333333,0.0,0.0,0.0,0.3333333333333333,0.0,903,0.3333333333333333,904,0.3333333333333333
603,0.0,0.3333333333333333,0.0,0.2222222222222222,0.0,0.0,0.0,0.2222222222222222,0.2222222222222222,902,0.3333333333333333,904,0.2222222222222222
604,0.0,0.0,0.0,0.3333333333333333,0.0,0.0,0.0,0.3333333333333333,0.3333333333333333,904,0.3333333333333333,908,0.3333333333333333
605,0.0,0.0,0.0,0.5,0.0,0.0,0.0,0.0,0.5,904,0.5,909,0.5
606,0.4,0.6,0.0,0.0,0.0,0.0,0.0,0.0,0.0,902,0.6,901,0.4
607,0.0,0.0,0.25,0.25,0.0,0.0,0.0,0.25,0.25,903,0.25,904,0.25
608,0.0,0.0,0.0,0.5,0.0,0.0,0.0,0.0,0.5,904,0.5,909,0.5
609,0.0,0.3333333333333333,0.2222222222222222,0.2222222222222222,0.0,0.0,0.0,0.0,0.2222222222222222,902,0.3333333333333333,903,0.2222222222222222
610,0.0,0.0,0.0,0.3333333333333333,0.0,0.0,0.0,0.3333333333333333,0.3333333333333333,904,0.3333333333333333,908,0.3333333333333333
611,0.2,0.0,0.0,0.4,0.0,0.0,0.0,0.0,0.4,904,0.4,909,0.4
612,0.0,0.0,0.3333333333333333,0.3333333333333333,0.0,0.3333333333333333,0.0,0.0,0.0,903,0.3333333333333333,904,0.3333333333333333
613,0.0,0.0,0.0,0.3333333333333333,0.3333333333333333,0.0,0.0,0.0,0.3333333333333333,904,0.3333333333333333,905,0.3333333333333333
614,0.0,0.0,0.0,1.0,0.0,0.0,0.0,0.0,0.0,904,1.0,901,0.0
615,0.14285714285714285,0.0,0.0,0.2857142857142857,0.2857142857142857,0.0,0.0,0.0,0.2857142857142857,904,0.2857142857142857,905,0.2857142857142857
616,0.14285714285714285,0.0,0.2857142857142857,0.2857142857142857,0.0,0.0,0.0,0.0,0.2857142857142857,903,0.2857142857142857,904,0.2857142857142857
617,0.0,0.0,0.0,0.3333333333333333,0.0,0.0,0.0,0.3333333333333333,0.3333333333333333,904,0.3333333333333333,908,0.3333333333333333
618,0.0,0.42857142857142855,0.0,0.2857142857142857,0.0,0.0,0.0,0.0,0.2857142857142857,902,0.42857142857142855,904,0.2857142857142857
619,0.14285714285714285,0.0,0.0,0.2857142857142857,0.2857142857142857,0.0,0.0,0.0,0.2857142857142857,904,0.2857142857142857,905,0.2857142857142857
620,0.0,0.3333333333333333,0.0,0.2222222222222222,0.0,0.2222222222222222,0.0,0.0,0.2222222222222222,902,0.3333333333333333,904,0.2222222222222222
621,0.0,0.0,0.0,0.25,0.0,0.25,0.0,0.25,0.25,904,0.25,906,0.25
622,0.3333333333333333,0.0,0.0,0.6666666666666666,0.0,0.0,0.0,0.0,0.0,904,0.6666666666666666,901,0.3333333333333333
623,0.0,0.0,0.0,0.5,0.0,0.0,0.0,0.0,0.5,904,0.5,909,0.5
624,0.0,0.0,0.0,0.5,0.0,0.0,0.0,0.0,0.5,904,0.5,909,0.5
625,0.0,0.0,0.0,1.0,0.0,0.0,0.0,0.0,0.0,904,1.0,901,0.0
626,0.1111111111111111,0.0,0.0,0.2222222222222222,0.2222222222222222,0.2222222222222222,0.2222222222222222,0.0,0.0,904,0.2222222222222222,905,0.2222222222222222
627,0.0,0.0,0.0,0.3333333333333333,0.0,0.3333333333333333,0.0,0.0,0.3333333333333333,904,0.3333333333333333,906,0.3333333333333333
628,0.0,0.0,0.0,0.3333333333333333,0.0,0.0,0.0,0.3333333333333333,0.3333333333333333,904,0.3333333333333333,908,0.3333333333333333
629,0.0,0.0,0.0,0.5,0.0,0.0,0.0,0.0,0.5,904,0.5,909,0.5
630,0.0,0.0,0.3333333333333333,0.3333333333333333,0.0,0.3333333333333333,0.0,0.0,0.0,903,0.3333333333333333,904,0.3333333333333333
631,0.0,0.0,0.0,1.0,0.0,0.0,0.0,0.0,0.0,904,1.0,901,0.0
632,0.0,0.0,0.0,0.3333333333333333,0.0,0.3333333333333333,0.0,0.3333333333333333,0.0,904,0.3333333333333333,906,0.3333333333333333
633,0.0,0.0,0.0,1.0,0.0,0.0,0.0,0.0,0.0,904,1.0,901,0.0
634,0.0,0.0,0.3333333333333333,0.3333333333333333,0.0,0.0,0.0,0.3333333333333333,0.0,903,0.3333333333333333,904,0.3333333333333333
635,0.0,0.0,0.0,1.0,0.0,0.0,0.0,0.0,0.0,904,1.0,901,0.0
636,0.0,0.0,0.5,0.5,0.0,0.0,0.0,0.0,0.0,903,0.5,904,0.5
637,0.0,0.0,0.0,0.3333333333333333,0.0,0.3333333333333333,0.0,0.0,0.3333333333333333,904,0.3333333333333333,906,0.3333333333333333
638,0.0,0.0,0.0,0.5,0.0,0.0,0.0,0.0,0.5,904,0.5,909,0.5
639,0.0,0.0,0.3333333333333333,0.3333333333333333,0.0,0.0,0.0,0.0,0.3333333333333333,903,0.3333333333333333,904,0.3333333333333333
640,0.0,0.0,0.0,0.5,0.0,0.0,0.0,0.0,0.5,904,0.5,909,0.5
641,0.0,0.0,0.0,0.5,0.0,0.0,0.0,0.0,0.5,904,0.5,909,0.5
642,0.0,0.0,0.3333333333333333,0.3333333333333333,0.0,0.0,0.0,0.0,0.3333333333333333,903,0.3333333333333333,904,0.3333333333333333
643,0.0,0.0,0.0,0.5,0.0,0.5,0.0,0.0,0.0,904,0.5,906,0.5
644,0.0,0.0,0.5,0.5,0.0,0.0,0.0,0.0,0.0,903,0.5,904,0.5
645,0.0,0.0,0.0,0.5,0.0,0.0,0.0,0.0,0.5,904,0.5,909,0.5
646,0.0,0.0,0.0,0.5,0.0,0.0,0.0,0.0,0.5,904,0.5,909,0.5
647,0.0,0.0,0.0,0.5,0.0,0.0,0.0,0.0,0.5,904,0.5,909,0.5
648,0.0,0.0,0.5,0.5,0.0,0.0,0.0,0.0,0.0,903,0.5,904,0.5
649,0.0,0.0,0.5,0.5,0.0,0.0,0.0,0.0,0.0,903,0.5,904,0.5
650,0.0,0.0,0.3333333333333333,0.3333333333333333,0.0,0.0,0.0,0.0,0.3333333333333333,903,0.3333333333333333,904,0.3333333333333333
651,0.0,0.0,0.0,0.3333333333333333,0.0,0.3333333333333333,0.0,0.0,0.3333333333333333,904,0.3333333333333333,906,0.3333333333333333
652,0.0,0.0,0.25,0.25,0.0,0.25,0.0,0.0,0.25,903,0.25,904,0.25
653,0.0,0.0,0.25,0.25,0.0,0.25,0.0,0.0,0.25,903,0.25,904,0.25
654,0.2,0.0,0.0,0.4,0.4,0.0,0.0,0.0,0.0,904,0.4,905,0.4
655,0.0,0.0,0.3333333333333333,0.3333333333333333,0.0,0.0,0.0,0.0,0.3333333333333333,903,0.3333333333333333,904,0.3333333333333333
656,0.0,0.0,0.5,0.5,0.0,0.0,0.0,0.0,0.0,903,0.5,904,0.5
657,0.0,0.0,0.0,0.3333333333333333,0.0,0.0,0.0,0.3333333333333333,0.3333333333333333,904,0.3333333333333333,908,0.3333333333333333
658,0.0,0.0,0.0,1.0,0.0,0.0,0.0,0.0,0.0,904,1.0,901,0.0
659,0.14285714285714285,0.0,0.2857142857142857,0.2857142857142857,0.0,0.0,0.0,0.2857142857142857,0.0,903,0.2857142857142857,904,0.2857142857142857
660,0.0,0.0,0.0,0.5,0.0,0.0,0.0,0.0,0.5,904,0.5,909,0.5
661,0.0,0.0,0.0,0.5,0.0,0.5,0.0,0.0,0.0,904,0.5,906,0.5
662,0.0,0.0,0.0,1.0,0.0,0.0,0.0,0.0,0.0,904,1.0,901,0.0
663,0.08333333333333333,0.25,0.0,0.16666666666666666,0.16666666666666666,0.16666666666666666,0.0,0.16666666666666666,0.0,902,0.25,904,0.16666666666666666
664,0.0,0.0,0.0,0.0,0.0,0.0,0.0,0.0,0.0,901,0.0,902,0.0
665,0.0,0.42857142857142855,0.2857142857142857,0.2857142857142857,0.0,0.0,0.0,0.0,0.0,902,0.42857142857142855,903,0.2857142857142857
666,0.0,0.0,0.0,1.0,0.0,0.0,0.0,0.0,0.0,904,1.0,901,0.0
667,0.0,0.0,0.2,0.2,0.0,0.2,0.0,0.2,0.2,903,0.2,904,0.2
668,0.0,0.0,0.5,0.5,0.0,0.0,0.0,0.0,0.0,903,0.5,904,0.5
669,0.0,0.0,0.0,0.5,0.0,0.0,0.0,0.0,0.5,904,0.5,909,0.5
670,0.0,0.0,0.5,0.5,0.0,0.0,0.0,0.0,0.0,903,0.5,904,0.5
671,0.3333333333333333,0.0,0.0,0.6666666666666666,0.0,0.0,0.0,0.0,0.0,904,0.6666666666666666,901,0.3333333333333333
672,0.0,0.0,0.3333333333333333,0.3333333333333333,0.0,0.0,0.0,0.3333333333333333,0.0,903,0.3333333333333333,904,0.3333333333333333
673,0.0,0.0,0.0,0.5,0.0,0.0,0.0,0.5,0.0,904,0.5,908,0.5
674,0.0,0.0,0.0,0.5,0.0,0.0,0.0,0.0,0.5,904,0.5,909,0.5
675,0.0,0.0,0.0,0.3333333333333333,0.0,0.0,0.0,0.3333333333333333,0.3333333333333333,904,0.3333333333333333,908,0.3333333333333333
676,0.2,0.0,0.0,0.4,0.0,0.4,0.0,0.0,0.0,904,0.4,906,0.4
677,0.0,0.0,0.0,0.5,0.0,0.0,0.0,0.0,0.5,904,0.5,909,0.5
678,0.0,0.0,0.0,0.5,0.0,0.0,0.0,0.0,0.5,904,0.5,909,0.5
679,0.0,0.0,0.0,1.0,0.0,0.0,0.0,0.0,0.0,904,1.0,901,0.0
680,0.0,0.0,0.0,1.0,0.0,0.0,0.0,0.0,0.0,904,1.0,901,0.0
681,0.0,0.6,0.0,0.4,0.0,0.0,0.0,0.0,0.0,902,0.6,904,0.4
682,0.0,0.0,0.5,0.5,0.0,0.0,0.0,0.0,0.0,903,0.5,904,0.5
683,0.0,0.42857142857142855,0.0,0.2857142857142857,0.0,0.0,0.0,0.0,0.2857142857142857,902,0.42857142857142855,904,0.2857142857142857
684,0.0,0.0,0.0,1.0,0.0,0.0,0.0,0.0,0.0,904,1.0,901,0.0
685,0.0,0.0,0.0,0.5,0.0,0.0,0.0,0.0,0.5,904,0.5,909,0.5
686,0.0,0.0,0.0,0.5,0.0,0.0,0.0,0.0,0.5,904,0.5,909,0.5
687,0.0,0.0,0.25,0.25,0.0,0.25,0.0,0.0,0.25,903,0.25,904,0.25
688,0.0,0.0,0.0,0.5,0.0,0.0,0.0,0.0,0.5,904,0.5,909,0.5
689,0.0,0.0,0.0,1.0,0.0,0.0,0.0,0.0,0.0,904,1.0,901,0.0
690,0.0,0.0,0.3333333333333333,0.3333333333333333,0.0,0.0,0.0,0.0,0.3333333333333333,903,0.3333333333333333,904,0.3333333333333333
691,0.0,0.0,0.25,0.25,0.0,0.0,0.25,0.0,0.25,903,0.25,904,0.25
692,0.0,0.0,0.3333333333333333,0.3333333333333333,0.0,0.0,0.0,0.0,0.3333333333333333,903,0.3333333333333333,904,0.3333333333333333
693,0.0,0.0,0.5,0.5,0.0,0.0,0.0,0.0,0.0,903,0.5,904,0.5
694,0.0,0.0,1.0,0.0,0.0,0.0,0.0,0.0,0.0,903,1.0,901,0.0
695,0.0,0.0,0.3333333333333333,0.3333333333333333,0.0,0.0,0.0,0.0,0.3333333333333333,903,0.3333333333333333,904,0.3333333333333333
696,0.0,0.0,0.0,0.5,0.0,0.0,0.0,0.0,0.5,904,0.5,909,0.5
697,1.0,0.0,0.0,0.0,0.0,0.0,0.0,0.0,0.0,901,1.0,902,0.0
698,0.0,0.0,0.0,0.5,0.0,0.0,0.0,0.0,0.5,904,0.5,909,0.5
699,0.0,0.0,0.25,0.25,0.0,0.0,0.0,0.25,0.25,903,0.25,904,0.25
700,0.0,0.0,0.0,0.5,0.0,0.0,0.0,0.0,0.5,904,0.5,909,0.5
701,0.0,0.0,0.3333333333333333,0.3333333333333333,0.0,0.0,0.0,0.0,0.3333333333333333,903,0.3333333333333333,904,0.3333333333333333
702,0.0,0.0,0.0,0.5,0.0,0.0,0.0,0.0,0.5,904,0.5,909,0.5
703,0.0,0.0,0.5,0.5,0.0,0.0,0.0,0.0,0.0,903,0.5,904,0.5
704,0.0,0.0,0.5,0.5,0.0,0.0,0.0,0.0,0.0,903,0.5,904,0.5
705,0.0,0.0,0.0,0.5,0.0,0.0,0.0,0.0,0.5,904,0.5,909,0.5
706,0.0,0.0,0.3333333333333333,0.3333333333333333,0.0,0.0,0.0,0.0,0.3333333333333333,903,0.3333333333333333,904,0.3333333333333333
707,0.0,0.0,0.0,0.5,0.0,0.5,0.0,0.0,0.0,904,0.5,906,0.5
708,0.0,0.0,0.3333333333333333,0.3333333333333333,0.0,0.0,0.0,0.3333333333333333,0.0,903,0.3333333333333333,904,0.3333333333333333
709,0.0,0.0,0.0,1.0,0.0,0.0,0.0,0.0,0.0,904,1.0,901,0.0
710,0.0,0.0,0.3333333333333333,0.3333333333333333,0.0,0.0,0.0,0.0,0.3333333333333333,903,0.3333333333333333,904,0.3333333333333333
711,0.0,0.0,0.3333333333333333,0.3333333333333333,0.0,0.0,0.0,0.0,0.3333333333333333,903,0.3333333333333333,904,0.3333333333333333
712,0.0,0.0,0.0,1.0,0.0,0.0,0.0,0.0,0.0,904,1.0,901,0.0
713,0.0,0.0,0.5,0.5,0.0,0.0,0.0,0.0,0.0,903,0.5,904,0.5
714,0.0,0.0,0.5,0.5,0.0,0.0,0.0,0.0,0.0,903,0.5,904,0.5
715,0.0,0.0,0.3333333333333333,0.3333333333333333,0.0,0.0,0.0,0.3333333333333333,0.0,903,0.3333333333333333,904,0.3333333333333333
716,0.0,0.0,0.5,0.5,0.0,0.0,0.0,0.0,0.0,903,0.5,904,0.5
717,0.0,0.0,0.3333333333333333,0.3333333333333333,0.0,0.0,0.0,0.3333333333333333,0.0,903,0.3333333333333333,904,0.3333333333333333
718,0.2,0.0,0.4,0.4,0.0,0.0,0.0,0.0,0.0,903,0.4,904,0.4
719,0.0,0.0,0.5,0.5,0.0,0.0,0.0,0.0,0.0,903,0.5,904,0.5
720,0.0,0.0,0.0,0.5,0.0,0.5,0.0,0.0,0.0,904,0.5,906,0.5
721,0.0,0.0,0.0,0.3333333333333333,0.0,0.3333333333333333,0.0,0.0,0.3333333333333333,904,0.3333333333333333,906,0.3333333333333333
722,0.0,0.0,0.25,0.25,0.0,0.25,0.0,0.0,0.25,903,0.25,904,0.25
723,0.0,0.0,0.5,0.5,0.0,0.0,0.0,0.0,0.0,903,0.5,904,0.5
724,0.0,0.0,0.3333333333333333,0.3333333333333333,0.0,0.0,0.0,0.0,0.3333333333333333,903,0.3333333333333333,904,0.3333333333333333
725,0.0,0.0,0.0,0.5,0.0,0.0,0.0,0.0,0.5,904,0.5,909,0.5
726,0.0,0.0,0.0,0.3333333333333333,0.0,0.0,0.0,0.3333333333333333,0.3333333333333333,904,0.3333333333333333,908,0.3333333333333333
727,0.0,0.0,0.0,0.5,0.0,0.0,0.0,0.0,0.5,904,0.5,909,0.5
728,0.0,0.0,0.0,0.3333333333333333,0.0,0.0,0.0,0.3333333333333333,0.3333333333333333,904,0.3333333333333333,908,0.3333333333333333
729,0.0,0.0,0.0,1.0,0.0,0.0,0.0,0.0,0.0,904,1.0,901,0.0
730,0.0,0.0,0.3333333333333333,0.3333333333333333,0.0,0.0,0.0,0.0,0.3333333333333333,903,0.3333333333333333,904,0.3333333333333333
731,0.0,0.0,0.3333333333333333,0.3333333333333333,0.0,0.0,0.0,0.0,0.3333333333333333,903,0.3333333333333333,904,0.3333333333333333
732,0.0,0.0,0.0,0.5,0.0,0.0,0.0,0.0,0.5,904,0.5,909,0.5
733,0.0,0.0,0.3333333333333333,0.3333333333333333,0.0,0.0,0.0,0.0,0.3333333333333333,903,0.3333333333333333,904,0.3333333333333333
734,0.0,0.0,0.0,0.3333333333333333,0.3333333333333333,0.0,0.0,0.0,0.3333333333333333,904,0.3333333333333333,905,0.3333333333333333
735,0.0,0.42857142857142855,0.0,0.2857142857142857,0.0,0.0,0.0,0.2857142857142857,0.0,902,0.42857142857142855,904,0.2857142857142857
736,0.0,0.0,0.3333333333333333,0.3333333333333333,0.0,0.0,0.0,0.0,0.3333333333333333,903,0.3333333333333333,904,0.3333333333333333
737,0.0,0.0,0.0,0.0,0.0,0.0,0.0,0.0,0.0,901,0.0,902,0.0
738,0.0,0.0,0.0,1.0,0.0,0.0,0.0,0.0,0.0,904,1.0,901,0.0
739,0.1111111111111111,0.0,0.2222222222222222,0.2222222222222222,0.0,0.0,0.0,0.2222222222222222,0.2222222222222222,903,0.2222222222222222,904,0.2222222222222222
740,0.0,0.0,0.0,0.3333333333333333,0.0,0.0,0.0,0.3333333333333333,0.3333333333333333,904,0.3333333333333333,908,0.3333333333333333
741,0.3333333333333333,0.0,0.0,0.6666666666666666,0.0,0.0,0.0,0.0,0.0,904,0.6666666666666666,901,0.3333333333333333
742,0.0,0.0,0.0,1.0,0.0,0.0,0.0,0.0,0.0,904,1.0,901,0.0
743,0.0,0.0,0.3333333333333333,0.3333333333333333,0.0,0.0,0.0,0.0,0.3333333333333333,903,0.3333333333333333,904,0.3333333333333333
744,0.0,0.0,0.0,0.5,0.0,0.0,0.0,0.0,0.5,904,0.5,909,0.5
745,0.0,0.0,0.0,0.5,0.0,0.0,0.0,0.0,0.5,904,0.5,909,0.5
746,0.0,0.0,0.0,1.0,0.0,0.0,0.0,0.0,0.0,904,1.0,901,0.0
747,0.0,0.0,0.0,0.5,0.0,0.0,0.0,0.5,0.0,904,0.5,908,0.5
748,0.0,0.0,0.0,1.0,0.0,0.0,0.0,0.0,0.0,904,1.0,901,0.0
749,0.0,0.0,0.3333333333333333,0.3333333333333333,0.0,0.0,0.0,0.0,0.3333333333333333,903,0.3333333333333333,904,0.3333333333333333
750,0.0,0.0,0.0,0.5,0.0,0.0,0.0,0.0,0.5,904,0.5,909,0.5
751,0.3333333333333333,0.0,0.0,0.6666666666666666,0.0,0.0,0.0,0.0,0.0,904,0.6666666666666666,901,0.3333333333333333
752,0.0,0.0,0.0,0.5,0.0,0.0,0.0,0.0,0.5,904,0.5,909,0.5
753,0.0,0.0,0.0,0.5,0.0,0.0,0.0,0.0,0.5,904,0.5,909,0.5
754,0.0,0.0,0.0,0.5,0.0,0.0,0.0,0.0,0.5,904,0.5,909,0.5
755,0.0,0.0,0.0,0.5,0.0,0.0,0.0,0.0,0.5,904,0.5,909,0.5
756,0.0,0.2727272727272727,0.18181818181818182,0.18181818181818182,0.0,0.0,0.0,0.18181818181818182,0.18181818181818182,902,0.2727272727272727,903,0.18181818181818182
757,0.0,0.0,0.0,1.0,0.0,0.0,0.0,0.0,0.0,904,1.0,901,0.0
758,0.0,0.0,0.25,0.25,0.0,0.25,0.0,0.25,0.0,903,0.25,904,0.25
759,0.0,0.0,0.0,0.3333333333333333,0.0,0.3333333333333333,0.0,0.0,0.3333333333333333,904,0.3333333333333333,906,0.3333333333333333
760,0.0,0.0,0.0,0.5,0.0,0.0,0.0,0.0,0.5,904,0.5,909,0.5
761,0.0,0.0,0.3333333333333333,0.3333333333333333,0.0,0.0,0.0,0.0,0.3333333333333333,903,0.3333333333333333,904,0.3333333333333333
762,0.0,0.0,0.0,0.5,0.0,0.0,0.0,0.0,0.5,904,0.5,909,0.5
763,0.0,0.0,0.0,1.0,0.0,0.0,0.0,0.0,0.0,904,1.0,901,0.0
764,0.0,0.0,0.0,0.5,0.0,0.0,0.0,0.0,0.5,904,0.5,909,0.5
765,0.0,0.0,0.0,0.5,0.0,0.0,0.0,0.0,0.5,904,0.5,909,0.5
766,0.0,0.0,0.3333333333333333,0.3333333333333333,0.0,0.0,0.0,0.0,0.3333333333333333,903,0.3333333333333333,904,0.3333333333333333
767,0.0,0.0,0.0,0.3333333333333333,0.3333333333333333,0.0,0.0,0.3333333333333333,0.0,904,0.3333333333333333,905,0.3333333333333333
768,0.0,0.0,0.0,0.5,0.0,0.0,0.0,0.0,0.5,904,0.5,909,0.5
769,0.0,0.0,0.0,0.0,0.0,0.0,0.0,0.0,0.0,901,0.0,902,0.0
770,0.0,0.0,0.0,1.0,0.0,0.0,0.0,0.0,0.0,904,1.0,901,0.0
771,0.0,0.0,0.3333333333333333,0.3333333333333333,0.0,0.0,0.0,0.0,0.3333333333333333,903,0.3333333333333333,904,0.3333333333333333
772,0.0,0.0,0.0,0.3333333333333333,0.0,0.0,0.0,0.3333333333333333,0.3333333333333333,904,0.3333333333333333,908,0.3333333333333333
773,0.0,0.6,0.0,0.4,0.0,0.0,0.0,0.0,0.0,902,0.6,904,0.4
774,0.0,0.0,0.0,0.5,0.0,0.0,0.0,0.0,0.5,904,0.5,909,0.5
775,0.0,0.0,0.0,0.5,0.0,0.0,0.0,0.5,0.0,904,0.5,908,0.5
776,0.0,0.0,0.0,0.5,0.0,0.0,0.0,0.0,0.5,904,0.5,909,0.5
777,0.0,0.0,0.0,0.5,0.0,0.0,0.0,0.5,0.0,904,0.5,908,0.5
778,0.0,0.0,1.0,0.0,0.0,0.0,0.0,0.0,0.0,903,1.0,901,0.0
779,0.1,0.3,0.2,0.2,0.2,0.0,0.0,0.0,0.0,902,0.3,903,0.2
780,0.0,0.0,0.0,0.3333333333333333,0.0,0.0,0.0,0.3333333333333333,0.3333333333333333,904,0.3333333333333333,908,0.3333333333333333
781,0.0,0.0,0.0,1.0,0.0,0.0,0.0,0.0,0.0,904,1.0,901,0.0
782,0.0,0.0,0.0,1.0,0.0,0.0,0.0,0.0,0.0,904,1.0,901,0.0
783,0.0,0.0,0.0,0.3333333333333333,0.0,0.0,0.0,0.3333333333333333,0.3333333333333333,904,0.3333333333333333,908,0.3333333333333333
784,0.2,0.0,0.0,0.4,0.0,0.0,0.0,0.0,0.4,904,0.4,909,0.4
785,0.0,0.0,0.0,0.5,0.0,0.5,0.0,0.0,0.0,904,0.5,906,0.5
786,0.0,0.0,0.0,0.5,0.0,0.0,0.0,0.0,0.5,904,0.5,909,0.5
787,0.0,0.0,0.0,0.5,0.0,0.0,0.0,0.0,0.5,904,0.5,909,0.5
788,0.0,0.0,0.0,0.25,0.0,0.0,0.25,0.25,0.25,904,0.25,907,0.25
789,0.0,0.0,0.0,0.0,0.5,0.0,0.0,0.0,0.5,905,0.5,909,0.5
790,0.0,0.0,0.0,0.0,0.0,0.0,0.0,0.0,0.0,901,0.0,902,0.0
791,0.0,0.0,0.0,1.0,0.0,0.0,0.0,0.0,0.0,904,1.0,901,0.0
792,0.3333333333333333,0.0,0.0,0.6666666666666666,0.0,0.0,0.0,0.0,0.0,904,0.6666666666666666,901,0.3333333333333333
793,0.0,0.0,0.0,0.3333333333333333,0.0,0.0,0.3333333333333333,0.0,0.3333333333333333,904,0.3333333333333333,907,0.3333333333333333
794,0.0,0.0,0.0,1.0,0.0,0.0,0.0,0.0,0.0,904,1.0,901,0.0
795,0.0,0.0,0.0,0.5,0.0,0.0,0.0,0.0,0.5,904,0.5,909,0.5
796,0.0,0.0,0.3333333333333333,0.3333333333333333,0.0,0.0,0.0,0.0,0.3333333333333333,903,0.3333333333333333,904,0.3333333333333333
797,0.08333333333333333,0.25,0.16666666666666666,0.16666666666666666,0.16666666666666666,0.0,0.0,0.16666666666666666,0.0,902,0.25,903,0.16666666666666666
798,0.0,0.0,0.0,0.5,0.0,0.0,0.0,0.0,0.5,904,0.5,909,0.5
799,0.0,0.3333333333333333,0.2222222222222222,0.2222222222222222,0.0,0.0,0.0,0.2222222222222222,0.0,902,0.3333333333333333,903,0.2222222222222222
800,0.0,0.0,0.0,1.0,0.0,0.0,0.0,0.0,0.0,904,1.0,901,0.0
