paper_id,MethodTag,MethodFamily,Methodology,PolicySalience,PoliticalSensitivity,SecrecyConstraint,DataAccess,year,topic
1,40,901,3,2,3,0,2,2022,3
2,40,905,3,2,0,0,0,2022,3
3,20,904,3,3,3,0,0,2022,1
4,10,909,1,3,0,0,0,2022,2
5,10,909,1,3,3,0,0,2022,1
6,20,904,3,3,3,0,0,2022,1
7,20,904,3,3,3,0,0,2022,1
8,30,903,5,3,3,0,0,2022,2
9,20,904,3,3,0,0,0,2022,3
10,20,904,3,2,3,3,0,2022,3
11,20,904,3,3,0,0,0,2022,4
12,20,904,3,2,3,0,3,2022,3
13,20,904,3,3,0,0,0,2022,3
14,20,904,3,3,0,1,1,2022,3
15,20,902,4,2,3,0,1,2022,2
16,30,903,5,0,0,0,3,2022,2
17,20,904,4,3,3,0,0,2022,4
18,30,903,5,2,3,0,0,2022,1
19,40,901,3,3,3,0,3,2022,3
20,20,902,2,3,0,0,3,2022,3
21,20,906,3,3,3,3,0,2022,3
22,20,902,4,2,3,3,0,2022,3
23,30,903,5,3,2,0,0,2022,3
24,20,904,4,3,3,0,1,2022,2
25,20,904,3,3,3,0,0,2022,1
26,20,904,3,3,0,0,0,2022,1
27,10,909,1,2,3,0,0,2022,1
28,20,904,3,3,3,0,0,2022,1
29,20,904,3,2,3,3,0,2022,1
30,10,909,1,3,3,0,0,2023,1
31,30,903,5,3,0,0,1,2023,1
32,10,909,1,2,3,0,0,2023,1
33,30,903,5,3,2,0,2,2023,1
34,20,902,4,3,3,3,1,2023,2
35,40,901,3,3,0,0,0,2023,2
36,20,904,4,2,3,3,1,2023,2
37,40,901,3,2,3,0,0,2023,2
38,10,909,1,2,3,3,0,2023,3
39,20,904,3,1,3,3,0,2023,3
40,20,904,3,3,0,0,1,2023,2
41,30,903,5,3,2,2,0,2023,3
42,10,909,1,2,0,0,0,2023,1
43,20,904,3,2,3,3,1,2023,2
44,20,904,3,3,3,0,0,2023,1
45,10,909,1,1,3,3,0,2023,2
46,30,903,5,3,0,0,0,2024,2
47,10,908,1,3,3,3,0,2024,1
48,20,904,3,3,3,3,2,2024,2
49,20,902,4,3,3,0,3,2024,2
50,30,903,5,3,0,0,1,2024,2
51,20,904,3,3,3,0,3,2024,1
52,20,904,3,1,3,0,0,2024,1
53,20,904,4,3,3,0,0,2024,2
54,30,903,5,3,3,1,0,2024,3
55,20,904,3,3,0,0,0,2024,2
56,20,904,3,3,0,0,2,2024,2
57,10,909,1,2,3,0,0,2024,2
58,10,909,1,3,3,3,0,2024,3
59,20,904,3,3,3,3,0,2024,2
60,20,904,3,3,3,3,0,2024,2
61,20,904,3,3,3,0,0,2024,2
62,20,904,3,3,3,0,1,2024,1
63,10,909,1,3,0,0,0,2024,2
64,20,906,4,3,3,0,0,2024,1
65,20,904,3,3,0,0,0,2024,1
66,20,906,3,3,0,0,0,2024,1
67,20,906,3,3,2,0,0,2024,1
68,10,909,1,3,0,0,0,2024,1
69,10,909,1,3,0,0,0,2024,1
70,40,908,3,3,3,3,3,2024,3
71,20,906,3,3,3,0,0,2024,3
72,20,906,3,3,2,0,0,2024,1
73,20,905,3,3,2,1,0,2024,3
74,20,904,3,3,3,0,0,2024,3
75,20,904,4,2,3,0,0,2024,3
76,30,903,5,3,0,0,0,2024,3
77,40,901,3,2,3,3,0,2024,3
78,20,904,3,2,3,3,0,2024,3
79,20,904,3,3,0,0,1,2024,1
80,20,904,3,3,3,0,1,2024,1
81,20,904,3,3,3,3,3,2024,1
82,20,904,3,3,3,3,3,2024,1
83,20,901,2,3,3,0,0,2024,3
84,30,903,5,3,2,0,0,2024,3
85,10,909,1,3,3,3,0,2025,3
86,20,904,3,3,3,0,0,2025,2
87,20,904,3,3,3,0,0,2025,1
88,30,902,5,2,3,0,0,2025,3
89,30,903,5,3,3,0,1,2025,3
90,40,901,3,3,0,0,0,2025,2
91,10,908,1,3,0,0,0,2025,1
92,40,901,3,2,0,0,0,2025,1
93,20,904,3,3,0,0,0,2025,1
94,20,904,4,3,0,0,2,2025,2
95,20,904,3,3,3,0,1,2025,1
96,20,904,3,3,3,0,1,2025,1
97,10,907,1,3,0,1,0,2025,1
98,20,904,3,2,3,3,0,2025,3
99,20,904,3,3,3,3,0,2025,2
100,10,905,1,3,0,1,0,2025,2
101,20,904,3,2,0,1,1,2025,2
102,20,904,3,3,3,1,0,2025,2
103,10,909,1,1,3,3,0,2025,1
104,20,904,3,2,3,1,0,2025,1
105,40,901,3,3,3,1,0,2025,1
106,40,907,3,3,0,0,0,1999,3
107,40,901,3,3,3,3,0,1999,3
108,10,909,1,1,3,3,0,1999,3
109,10,909,1,2,3,3,0,1999,2
110,20,901,2,3,3,3,0,2000,1
111,20,902,2,1,0,0,0,2000,2
112,40,901,3,2,3,3,0,2000,2
113,10,907,1,3,0,0,0,2000,3
114,10,909,1,0,0,0,0,2000,1
115,20,901,2,3,3,3,0,2001,3
116,10,909,1,1,3,3,0,2001,2
117,10,909,1,0,0,0,1,2001,1
118,10,909,1,1,0,3,0,2001,1
119,20,904,3,1,3,3,0,2001,2
120,20,904,3,0,3,3,0,2001,1
121,40,901,3,3,0,0,0,2002,3
122,10,909,1,1,3,3,0,2002,1
123,40,901,3,1,3,3,0,2002,2
124,20,904,4,2,3,3,0,2006,2
125,10,909,1,2,0,0,0,2006,3
126,40,901,3,2,3,0,0,2006,3
127,40,901,3,0,0,0,0,2006,1
128,40,907,3,3,3,3,0,2006,2
129,40,901,3,3,3,0,0,2006,3
130,40,901,3,3,3,0,0,2006,3
131,20,901,2,3,3,3,0,2006,1
132,10,909,1,2,3,0,0,2006,2
133,40,901,3,3,3,0,0,2006,2
134,10,909,1,2,3,0,0,2007,2
135,10,909,1,1,3,3,0,2007,3
136,10,909,1,1,3,0,0,2007,3
137,10,909,1,1,3,0,0,2007,3
138,10,909,1,1,3,0,0,2007,1
139,20,901,2,2,3,0,0,2007,2
140,10,909,1,2,3,0,0,2007,3
141,10,909,1,1,3,3,0,2007,1
142,40,901,3,3,3,0,0,2007,3
143,20,904,3,3,3,0,0,2007,3
144,10,909,1,3,3,0,0,2007,1
145,10,909,1,2,3,1,0,2007,3
146,10,909,1,3,3,0,0,2007,1
147,40,901,3,3,3,0,0,2007,3
148,10,909,1,2,3,3,0,2007,2
149,20,901,2,1,3,0,0,2007,3
150,10,909,1,2,0,0,0,2008,3
151,20,901,2,2,0,0,0,2008,3
152,20,904,3,2,3,3,0,2008,2
153,20,904,3,2,3,3,0,2008,2
154,10,909,1,2,3,0,1,2008,2
155,40,901,3,1,3,3,0,2008,2
156,40,901,3,2,3,0,0,2008,2
157,20,902,2,2,3,0,0,2008,2
158,10,908,1,1,3,3,1,2008,1
159,40,901,3,2,3,3,0,2008,1
160,20,904,3,2,3,3,1,2008,2
161,10,909,1,3,3,0,1,2008,3
162,10,909,1,3,3,0,0,2009,3
163,10,909,1,2,3,0,0,2009,3
164,10,909,1,2,3,0,0,2009,1
165,40,901,3,3,3,3,0,2009,1
166,40,901,3,1,3,3,0,2009,3
167,10,909,1,3,0,0,0,2009,3
168,20,901,2,3,3,1,0,2009,3
169,40,901,3,3,3,3,0,2009,3
170,10,909,1,2,3,0,0,2009,3
171,40,901,3,3,0,0,0,2009,3
172,10,909,1,0,0,0,0,2009,3
173,40,901,3,1,3,3,0,2009,2
174,40,901,3,0,3,0,0,2009,3
175,40,901,3,3,3,0,0,2010,3
176,40,901,3,3,0,0,0,2010,3
177,10,909,1,2,3,0,0,2010,3
178,30,902,5,1,3,3,3,2010,3
179,10,909,1,2,0,0,0,2010,3
180,40,901,3,1,3,0,1,2010,1
181,40,901,3,1,3,3,0,2010,2
182,40,901,3,2,3,0,0,2010,3
183,10,909,1,2,3,3,0,2011,3
184,10,909,1,2,0,0,0,2011,3
185,20,904,3,2,3,3,0,2011,1
186,40,901,3,2,0,0,0,2011,3
187,10,909,1,0,0,0,0,2011,3
188,40,901,3,3,3,3,0,2011,3
189,40,901,3,2,0,0,0,2011,3
190,40,901,3,1,0,0,0,2011,3
191,40,901,3,3,3,3,0,2012,2
192,10,909,1,0,3,3,1,2012,1
193,10,909,1,2,3,0,0,2012,3
194,40,901,3,0,3,0,0,2012,3
195,20,901,2,2,3,0,0,2012,3
196,10,909,1,2,3,3,0,2012,3
197,30,903,5,2,3,3,0,2012,3
198,10,909,1,2,3,3,0,2012,3
199,40,901,3,1,3,0,0,2012,3
200,40,901,3,0,2,0,0,2013,3
201,40,901,3,2,3,0,0,2013,2
202,30,903,5,2,2,0,0,2013,3
203,40,901,3,3,0,0,0,2013,3
204,40,901,3,0,3,0,0,2013,3
205,20,904,3,2,3,0,0,2013,3
206,40,901,3,2,3,3,0,2013,3
207,10,909,1,3,3,3,0,2013,3
208,20,906,3,2,3,0,0,2013,3
209,20,904,3,1,3,0,0,2013,3
210,20,904,3,3,3,3,2,2014,2
211,10,909,1,3,3,0,0,2014,3
212,20,904,4,2,3,3,0,2014,3
213,20,906,4,2,3,0,2,2014,2
214,20,904,3,1,0,0,0,2014,2
215,40,901,3,2,3,3,0,2015,3
216,10,909,1,3,3,0,0,2015,1
217,20,906,3,2,3,3,0,2015,1
218,20,904,3,3,3,0,0,2015,2
219,10,909,1,2,3,0,0,2015,3
220,40,901,3,2,3,3,0,2015,3
221,10,909,1,2,3,0,0,2015,2
222,10,909,1,2,3,0,0,2015,1
223,40,901,3,2,0,0,0,2015,3
224,20,904,3,2,0,0,0,2015,2
225,40,901,3,0,3,0,0,2015,1
226,20,901,2,2,0,0,0,2015,1
227,20,904,3,0,0,0,0,2015,3
228,40,901,3,2,3,3,0,2015,1
229,20,904,3,1,3,3,0,2015,1
230,10,909,1,1,3,3,0,2016,1
231,10,909,1,3,3,3,0,2016,1
232,20,904,3,2,3,0,0,2016,3
233,20,901,2,2,3,0,2,2016,1
234,40,901,3,2,3,3,0,2016,2
235,20,904,3,1,3,0,0,2016,1
236,20,906,3,0,3,0,2,2016,3
237,10,909,1,2,2,0,0,2016,1
238,40,901,3,2,3,3,0,2016,3
239,20,902,2,2,3,0,0,2016,3
240,40,901,3,1,0,0,0,2016,1
241,20,902,2,2,0,0,0,2016,3
242,20,904,3,3,3,0,1,2016,3
243,20,904,3,3,0,0,0,2016,3
244,20,904,3,1,0,0,0,2016,3
245,40,901,3,2,3,0,0,2017,3
246,40,901,3,2,0,1,0,2017,3
247,10,909,1,2,3,0,0,2017,3
248,20,901,2,2,3,3,0,2017,2
249,40,907,3,2,3,3,0,2017,2
250,20,901,2,3,3,0,2,2017,2
251,40,901,3,2,3,0,0,2017,3
252,20,901,2,2,3,3,2,2017,3
253,20,904,3,1,0,0,0,2017,1
254,20,901,2,1,3,0,3,2017,1
255,40,901,3,2,3,0,0,2017,3
256,20,904,3,3,3,0,0,2017,3
257,40,901,3,2,3,0,0,2017,3
258,40,907,3,2,3,0,0,2018,2
259,40,901,3,2,3,3,0,2018,2
260,40,901,3,3,3,3,0,2018,3
261,40,901,3,2,3,0,0,2018,3
262,20,904,3,3,3,0,0,2018,1
263,20,904,3,2,3,0,0,2018,1
264,20,904,3,2,3,3,0,2018,2
265,40,901,3,3,3,0,0,2018,3
266,20,906,3,2,0,0,0,2018,3
267,40,901,3,2,3,3,0,2018,2
268,20,904,3,1,3,3,0,2018,1
269,20,904,3,1,3,0,0,2019,2
270,20,904,3,2,0,0,0,2019,2
271,20,904,3,2,0,0,3,2019,1
272,20,904,3,1,3,0,0,2019,1
273,40,901,3,0,3,0,0,2019,3
274,30,903,5,2,0,0,0,2019,4
275,40,901,3,3,0,1,0,2020,3
276,20,904,3,3,0,0,0,2020,3
277,10,909,1,3,3,0,1,2020,3
278,20,906,3,3,0,0,0,2020,3
279,10,909,1,3,3,0,0,2021,4
280,20,904,3,3,3,0,0,2021,2
281,20,904,3,3,0,0,0,2021,2
282,20,906,3,3,3,3,0,2021,3
283,20,904,3,3,3,0,0,2021,3
284,20,906,3,3,0,0,0,2021,3
285,10,909,1,3,3,3,0,2021,3
286,30,902,5,3,3,0,0,2021,3
287,10,909,1,3,0,0,0,2021,4
288,20,906,3,3,3,0,0,2021,3
289,20,906,3,3,3,0,0,2021,3
290,20,904,3,3,0,0,0,2021,3
291,20,904,3,3,3,3,0,2021,2
292,20,904,3,3,3,0,0,2021,3
293,20,906,3,3,3,0,0,2021,1
294,20,904,3,3,0,0,0,2021,1
295,20,906,3,3,3,0,0,2021,4
296,20,906,4,3,3,0,0,2022,4
297,20,904,3,3,3,0,0,2022,4
298,10,908,1,3,3,0,1,2022,1
299,30,903,5,3,2,0,2,2022,1
300,20,904,3,3,0,0,0,2022,2
301,20,906,4,3,0,0,2,2022,1
302,20,906,4,3,0,0,2,2022,1
303,20,904,3,3,3,0,0,2022,2
304,10,909,1,3,3,0,0,2022,3
305,20,904,3,3,0,0,0,2022,1
306,20,902,2,3,3,0,3,2022,3
307,20,904,4,3,3,0,3,2022,1
308,20,904,3,3,3,3,0,2022,2
309,20,904,3,3,3,3,0,2022,2
310,20,906,3,3,0,0,1,2022,4
311,20,906,3,3,3,0,1,2022,4
312,20,906,3,3,0,0,0,2022,1
313,20,904,3,3,3,0,0,2022,2
314,10,909,1,3,3,0,0,2023,2
315,20,904,3,3,0,0,1,2023,2
316,20,906,3,3,3,0,0,2023,1
317,20,906,3,3,3,1,1,2023,3
318,20,906,3,3,3,0,0,2023,2
319,30,903,5,2,3,3,0,2023,3
320,20,904,3,1,0,0,0,2023,3
321,20,906,3,3,3,3,1,2023,3
322,20,904,3,3,3,3,0,2023,1
323,20,906,3,3,0,0,0,2024,4
324,40,901,3,3,3,0,0,2024,2
325,40,901,3,2,3,1,2,2024,3
326,40,901,3,3,3,3,0,2024,3
327,20,904,3,2,3,3,1,2024,3
328,10,909,1,3,0,0,0,2024,3
329,20,901,2,2,3,0,3,2024,1
330,10,909,1,3,0,0,0,2024,3
331,20,904,3,3,3,0,0,2024,2
332,20,904,4,2,3,0,0,2024,3
333,20,906,3,3,3,0,0,2024,3
334,20,906,3,3,3,0,1,2024,1
335,20,904,3,2,3,3,0,2024,1
336,30,903,5,3,3,0,1,2024,2
337,20,904,3,3,3,3,0,2024,1
338,20,904,3,3,3,0,0,2025,1
339,20,906,3,3,0,0,1,2025,1
340,20,904,4,2,0,0,3,2025,2
341,10,909,1,3,3,0,0,2025,1
342,30,903,5,1,3,0,0,2025,1
343,20,906,3,3,3,0,0,2025,1
344,30,903,5,3,0,0,0,2025,2
345,20,904,3,2,3,3,0,2002,1
346,10,908,1,1,0,0,0,2003,1
347,20,904,3,2,3,3,0,2004,1
348,40,901,3,2,0,0,0,2004,1
349,40,901,3,2,3,0,0,2004,3
350,20,904,3,2,0,0,0,2005,2
351,20,904,3,2,0,0,0,2005,2
352,20,904,3,2,0,0,0,2005,2
353,20,904,3,2,3,0,1,2004,2
354,30,903,5,3,3,3,0,2003,3
355,10,909,1,2,0,0,0,2004,1
356,20,904,3,2,0,0,0,2005,3
357,20,904,3,2,3,0,0,2006,2
358,40,901,3,2,3,3,0,2005,2
359,20,904,3,2,3,3,0,2006,1
360,40,901,3,3,3,3,0,2008,3
361,10,908,1,2,3,0,1,2008,2
362,10,909,1,2,3,0,0,2008,2
363,10,909,1,2,3,0,0,2008,2
364,40,901,3,2,3,0,0,2009,2
365,40,901,3,2,3,3,0,2009,3
366,40,908,3,2,3,0,0,2008,2
367,30,903,5,2,3,3,0,2009,3
368,40,901,3,3,3,3,0,2009,1
369,10,909,1,2,0,0,1,2009,3
370,40,901,3,2,3,3,0,2009,1
371,20,904,3,2,3,3,0,2009,3
372,40,905,3,2,0,0,0,2010,3
373,20,904,3,3,0,0,0,2010,3
374,40,901,3,3,3,0,3,2010,3
375,20,904,3,2,0,0,0,2010,3
376,10,909,1,3,0,0,0,2009,1
377,20,904,3,2,3,3,0,2010,3
378,20,902,2,2,3,3,0,2010,2
379,20,904,3,3,0,0,1,2010,1
380,20,904,4,2,0,0,2,2010,3
381,10,909,1,3,0,0,0,2011,3
382,20,904,3,2,0,0,2,2011,3
383,40,901,3,2,0,0,1,2011,3
384,10,909,1,2,0,0,0,2011,3
385,20,904,3,2,0,0,0,2012,3
386,20,904,4,2,0,0,2,2012,3
387,10,909,1,2,3,0,1,2012,1
388,10,909,1,2,3,0,1,2012,2
389,10,909,1,3,0,0,0,2012,1
390,20,904,3,3,3,0,0,2012,3
391,10,909,1,2,3,0,1,2012,2
392,40,901,3,2,0,0,1,2013,1
393,20,904,3,2,3,0,2,2013,3
394,20,901,2,2,3,0,0,2013,3
395,20,904,3,2,3,0,0,2013,2
396,10,909,1,2,0,0,0,2014,3
397,10,908,1,2,3,0,0,2014,2
398,10,909,1,2,3,0,0,2014,3
399,30,903,5,2,3,0,0,2014,3
400,20,904,3,3,3,1,2,2014,2
401,20,902,2,2,0,0,3,2014,3
402,10,909,1,2,3,3,1,2014,1
403,20,904,3,2,3,0,0,2014,3
404,40,901,3,3,3,3,0,2014,3
405,20,904,3,2,0,0,0,2014,1
406,40,901,3,2,2,0,0,2013,3
407,10,908,1,2,3,0,0,2014,3
408,40,901,3,2,3,0,1,2014,2
409,10,909,1,2,3,3,0,2014,1
410,10,909,1,3,3,0,0,2015,2
411,10,909,1,2,3,0,0,2015,2
412,10,909,1,2,3,3,0,2015,2
413,10,909,1,2,3,0,0,2015,2
414,20,904,3,3,3,0,1,2015,1
415,40,901,3,2,3,0,0,2015,2
416,20,904,3,2,0,0,1,2015,3
417,10,909,1,2,3,0,0,2015,3
418,20,904,3,2,3,0,0,2015,3
419,20,908,2,2,3,0,0,2015,2
420,20,904,3,3,3,3,2,2015,2
421,10,909,1,2,3,0,0,2016,1
422,10,909,1,2,3,0,0,2016,3
423,30,903,5,3,3,0,1,2016,3
424,10,908,1,2,0,0,1,2016,3
425,20,906,3,2,3,1,0,2016,2
426,10,909,1,2,3,0,1,2016,2
427,30,903,5,3,3,3,1,2016,1
428,20,904,4,2,0,0,1,2016,3
429,30,903,5,3,3,0,1,2017,2
430,20,904,3,3,1,0,1,2017,3
431,20,906,4,3,3,3,2,2017,2
432,20,904,3,3,3,0,1,2017,3
433,40,901,3,2,3,3,0,2018,2
434,20,904,3,1,3,3,1,2018,2
435,10,909,1,2,0,0,0,2018,3
436,40,901,3,2,3,3,1,2018,2
437,20,904,3,3,3,0,0,2018,3
438,20,904,3,3,3,0,0,2018,1
439,20,902,4,3,3,0,3,2018,2
440,20,904,3,3,3,0,0,2018,3
441,20,904,3,3,3,0,0,2018,2
442,20,901,2,3,0,0,0,2018,4
443,30,903,5,2,3,0,1,2018,2
444,30,902,5,3,3,3,3,2018,1
445,10,908,1,2,3,0,0,2018,3
446,30,903,5,3,2,0,1,2018,3
447,20,904,3,3,3,3,0,2019,2
448,30,902,5,2,3,3,3,2018,2
449,20,904,3,2,3,3,0,2019,2
450,40,901,3,2,2,0,0,2018,2
451,20,904,3,3,3,0,1,2019,2
452,30,903,5,3,3,3,1,2019,2
453,40,908,3,2,3,0,1,2019,2
454,20,904,3,3,3,3,1,2019,1
455,40,908,3,2,3,3,1,2019,2
456,10,909,1,3,3,0,0,2019,1
457,20,904,3,2,3,0,2,2019,3
458,40,908,3,3,3,0,1,2019,4
459,10,909,1,1,3,3,3,2019,2
460,20,904,3,3,3,0,0,2019,2
461,30,903,5,3,0,0,1,2019,1
462,30,903,5,2,3,0,3,2019,3
463,30,903,5,2,3,0,3,2019,3
464,10,909,1,3,3,0,1,2019,4
465,10,909,1,3,3,3,1,2019,1
466,10,909,1,3,3,3,1,2019,2
467,20,904,3,2,3,0,0,2019,3
468,20,904,3,3,3,3,0,2019,2
469,20,906,3,3,3,0,0,2019,2
470,20,904,3,3,3,0,1,2019,1
471,20,901,2,3,0,1,2,2019,3
472,20,904,3,3,3,0,0,2019,2
473,20,904,3,2,3,0,1,2019,1
474,20,904,3,3,0,0,1,2019,2
475,20,904,3,3,3,0,0,2019,2
476,20,904,3,2,3,0,2,2019,3
477,10,909,1,2,3,0,1,2019,1
478,20,904,3,2,3,0,0,2020,2
479,20,904,3,3,3,0,1,2020,3
480,40,901,3,3,2,0,1,2019,2
481,20,907,2,3,3,0,0,2020,3
482,30,903,5,3,3,3,1,2020,2
483,40,901,3,3,3,0,0,2020,4
484,20,904,3,2,3,3,0,2020,2
485,40,901,3,3,3,3,1,2020,3
486,20,906,4,3,3,0,3,2020,2
487,20,904,3,3,0,0,0,2020,2
488,20,904,4,3,3,0,3,2020,3
489,20,904,3,3,3,3,0,2020,1
490,20,906,3,3,3,0,0,2020,1
491,30,903,5,3,3,0,1,2020,2
492,20,906,3,2,3,1,1,2020,2
493,20,906,3,3,0,0,0,2020,3
494,20,906,3,3,0,0,1,2020,3
495,20,904,3,3,3,3,1,2020,1
496,30,903,5,3,3,0,0,2020,2
497,20,904,4,3,3,0,2,2021,2
498,10,909,1,3,0,0,1,2020,1
499,20,906,4,3,3,0,3,2020,2
500,20,902,4,3,3,0,3,2020,3
501,20,904,4,2,3,0,1,2020,2
502,20,906,3,3,0,0,1,2021,4
503,20,906,3,3,0,0,1,2020,2
504,20,904,3,3,0,0,1,2021,1
505,30,903,5,2,3,0,3,2020,2
506,20,904,3,3,3,0,2,2020,3
507,20,904,3,3,3,3,0,2020,2
508,30,902,5,3,3,3,2,2021,2
509,20,904,3,3,0,0,1,2020,4
510,20,904,3,3,0,0,1,2020,3
511,20,904,4,3,3,3,3,2021,2
512,20,904,3,3,0,0,1,2020,3
513,20,904,4,3,0,0,1,2020,3
514,20,904,3,2,0,0,1,2021,1
515,40,901,3,2,0,0,0,2021,2
516,40,901,3,3,0,0,1,2021,2
517,40,901,3,2,0,0,0,2021,1
518,10,909,1,2,2,0,0,2021,3
519,10,909,1,2,0,0,0,2021,1
520,20,904,3,3,0,0,0,2021,1
521,20,904,3,2,3,3,0,2021,1
522,40,901,3,3,3,0,1,2021,1
523,20,904,3,2,3,3,1,2021,1
524,20,904,4,3,3,3,3,2021,2
525,40,901,3,2,0,0,0,2021,1
526,30,903,5,3,3,0,0,2021,3
527,40,901,3,2,0,0,0,2021,3
528,40,901,3,3,3,0,0,2021,2
529,20,904,4,2,0,0,0,2021,1
530,10,909,1,2,0,0,1,2021,4
531,20,904,3,2,0,0,1,2021,1
532,20,904,3,2,0,0,0,2021,2
533,30,903,5,2,3,0,0,2021,1
534,10,909,1,2,3,0,0,2021,3
535,10,909,1,3,2,0,0,2021,2
536,20,904,3,3,0,0,1,2021,1
537,20,906,3,3,3,0,0,2021,2
538,20,904,3,2,3,0,0,2021,1
539,10,908,1,2,0,0,0,2021,1
540,20,906,3,3,0,0,1,2021,3
541,20,904,3,2,0,0,0,2021,1
542,20,904,3,2,0,0,1,2021,1
543,30,903,5,3,3,0,0,2021,2
544,20,904,3,2,0,0,0,2021,1
545,20,906,3,3,3,0,0,2021,2
546,20,904,3,2,0,0,0,2021,4
547,20,904,3,2,0,0,0,2021,1
548,20,904,3,2,3,0,0,2021,3
549,20,904,3,0,0,0,0,2021,3
550,30,903,5,2,3,0,2,2022,1
551,40,901,3,3,0,0,0,2021,1
552,40,901,3,2,0,0,1,2021,3
553,30,903,5,3,3,3,2,2021,2
554,30,903,5,3,3,0,2,2021,1
555,30,903,5,3,3,0,0,2021,2
556,20,904,3,3,3,3,0,2021,1
557,20,904,4,3,3,0,0,2020,2
558,30,903,5,3,3,0,0,2021,1
559,20,904,3,2,3,0,3,2021,3
560,20,906,4,3,3,0,1,2022,3
561,30,903,5,3,3,0,1,2022,1
562,20,904,3,3,3,0,1,2022,1
563,20,904,3,3,3,0,1,2022,1
564,30,903,5,2,3,0,1,2022,1
565,20,904,4,3,3,3,0,2022,2
566,30,903,5,3,3,3,0,2022,2
567,30,903,5,2,0,0,3,2022,2
568,30,903,5,3,3,0,1,2022,2
569,20,904,3,3,3,3,2,2022,2
570,20,904,4,3,2,0,0,2022,3
571,20,904,3,3,0,0,0,2022,2
572,10,908,1,3,3,0,0,2022,2
573,30,903,5,2,3,0,1,2022,3
574,40,901,3,3,2,0,0,2022,3
575,20,906,3,3,3,0,1,2022,3
576,20,904,4,3,0,0,2,2022,3
577,20,904,3,3,0,0,0,2022,2
578,30,903,5,3,0,0,0,2022,2
579,20,906,3,2,0,0,0,2022,3
580,20,904,3,3,3,0,0,2022,4
581,20,901,2,3,3,0,2,2022,1
582,40,901,3,2,3,1,0,2022,1
583,40,901,3,3,3,0,0,2022,2
584,30,903,5,3,2,0,0,2022,2
585,20,908,2,2,3,0,0,2023,2
586,20,904,3,2,0,0,2,2022,2
587,20,904,3,3,3,0,3,2022,2
588,30,902,5,2,0,0,3,2022,3
589,20,904,3,3,3,0,1,2022,1
590,20,904,3,2,3,3,2,2022,3
591,20,904,3,2,3,0,0,2022,2
592,20,904,3,3,3,3,0,2022,2
593,20,904,3,3,3,0,1,2022,4
594,20,904,3,3,3,0,1,2022,2
595,10,908,1,3,2,0,3,2022,3
596,30,903,5,3,0,0,0,2022,3
597,40,908,3,3,3,3,1,2022,3
598,20,904,3,3,0,0,0,2022,1
599,40,907,3,3,0,1,1,2022,3
600,20,904,3,2,3,0,1,2022,2
601,20,904,3,3,0,0,0,2022,4
602,30,903,5,2,3,0,1,2022,2
603,20,902,2,3,3,3,3,2022,3
604,20,904,3,3,3,0,1,2022,3
605,20,904,3,3,0,0,0,2022,2
606,20,902,2,2,0,0,3,2022,2
607,30,903,5,3,0,0,1,2022,1
608,10,909,1,3,3,0,3,2022,1
609,30,902,5,3,2,0,3,2022,4
610,10,908,1,3,0,0,1,2022,3
611,20,904,4,3,3,0,0,2022,2
612,30,903,5,3,0,0,1,2022,3
613,20,904,3,3,3,0,0,2022,2
614,20,904,3,3,0,0,0,2022,1
615,20,905,2,3,3,0,0,2023,4
616,30,903,5,3,0,0,1,2022,3
617,20,904,4,3,3,0,1,2022,1
618,20,902,2,3,3,0,3,2022,4
619,20,904,4,3,0,0,2,2022,4
620,20,904,3,3,3,0,2,2022,3
621,20,904,3,3,3,1,1,2022,3
622,20,904,4,3,3,0,2,2022,3
623,20,901,2,3,0,0,2,2022,2
624,20,904,4,3,0,0,2,2022,1
625,20,901,2,3,0,0,1,2022,3
626,20,904,4,2,0,0,2,2022,2
627,20,906,3,3,0,0,0,2022,1
628,20,908,2,3,3,0,2,2022,2
629,20,904,4,3,3,3,2,2022,2
630,30,903,5,2,0,0,0,2022,1
631,20,901,2,3,0,0,2,2022,3
632,20,906,3,3,0,0,0,2022,4
633,20,904,3,2,0,0,0,2022,1
634,30,903,5,3,3,0,3,2022,2
635,20,904,3,3,2,0,0,2022,3
636,30,903,5,3,2,0,1,2022,1
637,20,904,3,2,0,0,1,2023,1
638,20,904,3,3,3,3,0,2022,1
639,30,903,5,3,3,0,1,2022,3
640,30,903,5,3,3,0,1,2022,3
641,10,909,1,2,2,0,1,2022,1
642,30,903,5,2,3,0,0,2022,3
643,20,906,3,2,3,1,0,2022,2
644,30,903,5,2,3,0,1,2022,2
645,10,909,1,3,3,3,0,2022,3
646,20,904,3,3,3,0,1,2023,1
647,20,904,3,2,0,0,0,2023,1
648,30,903,5,3,3,0,0,2023,2
649,30,903,5,2,3,0,0,2022,1
650,30,903,5,2,0,0,0,2022,1
651,20,904,3,2,3,1,1,2022,2
652,30,903,5,2,0,0,0,2022,1
653,30,903,5,2,3,0,0,2023,2
654,20,904,4,3,0,0,3,2023,1
655,30,903,5,2,3,3,1,2023,3
656,30,903,5,3,3,0,1,2023,2
657,10,908,1,3,0,0,1,2023,1
658,20,904,3,3,3,0,2,2023,3
659,30,903,5,2,3,0,0,2023,3
660,10,909,1,3,3,0,1,2023,2
661,20,906,3,2,3,0,0,2023,2
662,40,901,3,3,3,0,1,2023,2
663,20,902,4,2,3,0,3,2023,1
664,40,901,3,2,0,0,0,2023,3
665,30,902,5,2,3,3,2,2023,3
666,40,901,3,2,0,0,0,2023,2
667,30,903,5,3,0,0,0,2023,3
668,30,903,5,3,3,0,1,2023,2
669,20,904,4,2,3,0,0,2023,1
670,30,903,5,2,0,0,0,2023,2
671,20,904,4,2,3,0,2,2023,2
672,30,903,5,2,0,0,1,2023,1
673,40,908,3,2,0,0,0,2023,2
674,20,904,3,2,3,3,1,2023,1
675,10,908,1,3,0,0,0,2023,3
676,20,902,4,2,0,0,2,2023,3
677,20,904,3,3,3,0,0,2023,2
678,20,904,3,3,3,0,0,2023,3
679,40,901,3,2,3,0,0,2023,3
680,20,904,3,2,0,3,0,2023,2
681,20,902,2,2,0,0,3,2023,3
682,30,903,5,2,0,0,1,2023,4
683,20,902,2,3,3,0,3,2023,3
684,40,901,3,3,2,0,2,2023,4
685,10,909,1,3,3,0,1,2023,2
686,20,904,3,3,3,3,0,2023,2
687,30,903,5,3,0,0,2,2023,2
688,10,909,1,2,3,0,0,2023,3
689,10,909,1,3,0,0,0,2023,1
690,30,903,5,3,0,0,2,2023,3
691,30,903,5,3,0,0,0,2023,3
692,30,903,5,3,3,0,0,2023,1
693,30,903,5,3,0,0,2,2023,1
694,30,903,5,2,3,0,1,2023,1
695,30,903,5,3,0,0,0,2023,1
696,10,909,1,3,0,0,0,2023,2
697,20,901,2,3,3,0,3,2023,1
698,10,909,1,3,3,0,2,2023,2
699,30,903,5,3,3,0,0,2023,2
700,20,904,3,3,0,0,1,2023,2
701,30,903,5,3,3,0,0,2023,1
702,20,904,3,3,0,0,1,2023,3
703,30,903,5,3,0,0,1,2023,2
704,30,903,5,3,3,0,0,2023,3
705,20,904,3,3,3,0,0,2023,2
706,30,903,5,3,0,0,1,2023,2
707,20,906,3,3,3,0,0,2023,2
708,30,903,5,2,3,0,0,2023,4
709,20,904,3,3,3,0,2,2023,3
710,30,903,5,3,3,3,1,2023,3
711,30,903,5,3,0,0,0,2023,3
712,20,901,2,3,3,0,0,2023,3
713,30,903,5,3,0,0,0,2023,1
714,30,903,5,3,0,0,0,2023,3
715,30,903,5,2,0,0,0,2023,1
716,30,903,5,3,3,0,1,2023,2
717,30,903,5,3,3,3,2,2023,3
718,30,903,5,2,0,0,3,2025,1
719,30,903,5,3,0,0,1,2025,2
720,20,904,3,2,3,3,0,2025,1
721,20,904,3,2,0,0,0,2025,1
722,30,903,5,3,3,0,0,2025,1
723,30,903,5,3,0,0,1,2025,4
724,30,903,5,3,0,0,0,2025,1
725,20,904,3,3,3,0,1,2025,3
726,10,905,1,3,0,0,1,2025,3
727,20,904,3,3,3,0,0,2025,1
728,10,908,1,3,2,0,0,2025,1
729,20,904,3,3,0,0,1,2025,1
730,30,903,5,3,0,1,0,2025,2
731,30,903,5,3,0,0,0,2025,4
732,20,904,3,3,3,0,0,2025,3
733,30,903,5,3,0,0,1,2025,2
734,20,904,3,3,0,0,0,2025,4
735,20,902,4,3,0,3,3,2025,3
736,30,903,5,3,3,0,1,2025,4
737,40,901,3,3,0,0,0,2025,1
738,30,903,5,3,0,0,0,2025,3
739,30,903,5,3,3,0,0,2025,1
740,20,904,3,3,0,0,0,2025,3
741,20,901,2,3,0,0,2,2025,2
742,20,904,3,3,0,0,0,2025,1
743,30,903,5,3,0,0,0,2025,2
744,20,904,3,3,3,0,1,2025,1
745,20,904,3,3,0,0,0,2025,2
746,40,901,3,3,3,0,0,2025,2
747,20,904,3,3,0,0,0,2025,1
748,40,901,3,3,0,0,0,2025,2
749,30,903,5,3,3,0,0,2025,2
750,20,904,3,3,0,0,0,2025,1
751,20,904,4,3,0,0,0,2025,1
752,20,904,3,3,0,0,0,2025,2
753,20,904,3,3,3,0,0,2025,2
754,20,904,3,3,3,0,0,2025,1
755,10,909,1,3,0,0,0,2025,1
756,30,902,5,3,0,0,3,2025,1
757,40,901,3,3,3,3,0,2025,2
758,30,903,5,3,0,0,1,2025,1
759,20,904,3,3,3,0,1,2025,1
760,10,909,1,3,0,0,0,2025,3
761,30,903,5,3,0,0,1,2025,1
762,10,909,1,3,0,0,0,2025,1
763,40,901,3,3,3,0,0,2025,1
764,10,909,1,3,0,0,0,2025,1
765,20,904,3,3,3,0,0,2025,1
766,30,903,5,2,3,0,0,2025,3
767,20,904,3,2,0,0,0,2024,3
768,20,904,3,3,0,0,0,2025,2
769,40,901,3,3,3,0,0,2025,1
770,40,901,3,3,0,0,0,2025,1
771,30,903,5,3,3,1,2,2025,3
772,20,904,3,2,3,3,1,2024,1
773,20,902,4,2,3,3,3,2024,1
774,20,904,4,3,0,0,2,2024,1
775,20,904,3,2,3,3,0,2024,1
776,10,909,1,3,0,0,0,2024,1
777,20,904,3,2,3,0,0,2024,2
778,30,903,5,2,3,0,3,2024,3
779,30,903,5,3,3,0,3,2025,3
780,10,908,1,3,3,0,0,2025,3
781,40,901,3,2,3,0,0,2024,3
782,20,904,3,3,0,0,0,2024,3
783,20,904,3,3,0,0,1,2024,2
784,20,901,2,3,0,0,1,2024,3
785,20,904,3,3,3,3,1,2024,3
786,10,909,1,3,0,0,1,2024,3
787,20,904,3,2,3,0,0,2024,2
788,20,904,3,3,3,3,1,2024,3
789,20,909,3,3,3,0,1,2024,3
790,40,901,3,2,3,0,0,2024,3
791,40,901,3,2,2,0,0,2024,3
792,20,904,4,3,0,0,1,2024,3
793,10,907,1,3,2,0,0,2024,3
794,40,901,3,2,0,0,1,2024,2
795,20,904,3,3,3,0,1,2024,2
796,30,903,5,2,3,0,0,2024,3
797,30,902,5,2,0,0,2,2025,3
798,20,904,3,2,0,0,0,2024,1
799,30,902,5,2,3,3,2,2025,3
800,20,904,4,3,0,1,2,2024,3
